region,trial,m,m_from_filename,uncovered_area,overlap_percentage,ocr_success,filename,filepath
0,0,42,42,49.602773,4.97,True,m_42_trial_0.png,Results/region_0/trial_0/m_42_trial_0.png
0,0,43,43,44.067373,5.56,True,m_43_trial_0.png,Results/region_0/trial_0/m_43_trial_0.png
0,0,44,44,38.074852,5.9,True,m_44_trial_0.png,Results/region_0/trial_0/m_44_trial_0.png
0,0,45,45,32.958106,6.45,True,m_45_trial_0.png,Results/region_0/trial_0/m_45_trial_0.png
0,0,46,46,28.187317,7.1,True,m_46_trial_0.png,Results/region_0/trial_0/m_46_trial_0.png
0,0,47,47,24.569523,7.68,True,m_47_trial_0.png,Results/region_0/trial_0/m_47_trial_0.png
0,0,48,48,21.282061,8.55,True,m_48_trial_0.png,Results/region_0/trial_0/m_48_trial_0.png
0,0,49,49,18.064412,9.23,True,m_49_trial_0.png,Results/region_0/trial_0/m_49_trial_0.png
0,0,50,50,13.950952,9.72,True,m_50_trial_0.png,Results/region_0/trial_0/m_50_trial_0.png
0,0,51,51,11.406236,10.25,True,m_51_trial_0.png,Results/region_0/trial_0/m_51_trial_0.png
0,0,52,52,9.002817,10.75,True,m_52_trial_0.png,Results/region_0/trial_0/m_52_trial_0.png
0,0,53,53,7.51491,11.85,True,m_53_trial_0.png,Results/region_0/trial_0/m_53_trial_0.png
0,0,54,54,6.147813,12.71,True,m_54_trial_0.png,Results/region_0/trial_0/m_54_trial_0.png
0,0,55,55,5.040931,13.55,True,m_55_trial_0.png,Results/region_0/trial_0/m_55_trial_0.png
0,1,42,42,49.542544,5.06,True,m_42_trial_1.png,Results/region_0/trial_1/m_42_trial_1.png
0,1,43,43,44.270924,5.51,True,m_43_trial_1.png,Results/region_0/trial_1/m_43_trial_1.png
0,1,44,44,38.054379,5.96,True,m_44_trial_1.png,Results/region_0/trial_1/m_44_trial_1.png
0,1,45,45,32.887068,6.55,True,m_45_trial_1.png,Results/region_0/trial_1/m_45_trial_1.png
0,1,46,46,28.221972,7.06,True,m_46_trial_1.png,Results/region_0/trial_1/m_46_trial_1.png
0,1,47,47,25.293964,7.89,True,m_47_trial_1.png,Results/region_0/trial_1/m_47_trial_1.png
0,1,48,48,21.279221,8.55,True,m_48_trial_1.png,Results/region_0/trial_1/m_48_trial_1.png
0,1,49,49,18.534133,9.49,True,m_49_trial_1.png,Results/region_0/trial_1/m_49_trial_1.png
0,1,50,50,13.938106,9.77,True,m_50_trial_1.png,Results/region_0/trial_1/m_50_trial_1.png
0,1,51,51,11.391709,10.31,True,m_51_trial_1.png,Results/region_0/trial_1/m_51_trial_1.png
0,1,52,52,8.998978,10.81,True,m_52_trial_1.png,Results/region_0/trial_1/m_52_trial_1.png
0,1,53,53,7.522409,11.85,True,m_53_trial_1.png,Results/region_0/trial_1/m_53_trial_1.png
0,1,54,54,6.143548,12.66,True,m_54_trial_1.png,Results/region_0/trial_1/m_54_trial_1.png
0,1,55,55,4.750197,13.47,True,m_55_trial_1.png,Results/region_0/trial_1/m_55_trial_1.png
0,2,42,42,49.498963,4.79,True,m_42_trial_2.png,Results/region_0/trial_2/m_42_trial_2.png
0,2,43,43,43.426756,5.18,True,m_43_trial_2.png,Results/region_0/trial_2/m_43_trial_2.png
0,2,44,44,38.089513,5.96,True,m_44_trial_2.png,Results/region_0/trial_2/m_44_trial_2.png
0,2,45,45,32.975705,6.45,True,m_45_trial_2.png,Results/region_0/trial_2/m_45_trial_2.png
0,2,46,46,28.222836,7.05,True,m_46_trial_2.png,Results/region_0/trial_2/m_46_trial_2.png
0,2,47,47,24.59414,7.72,True,m_47_trial_2.png,Results/region_0/trial_2/m_47_trial_2.png
0,2,48,48,21.26031,8.55,True,m_48_trial_2.png,Results/region_0/trial_2/m_48_trial_2.png
0,2,49,49,18.032458,9.24,True,m_49_trial_2.png,Results/region_0/trial_2/m_49_trial_2.png
0,2,50,50,13.956524,9.73,True,m_50_trial_2.png,Results/region_0/trial_2/m_50_trial_2.png
0,2,51,51,11.402224,10.27,True,m_51_trial_2.png,Results/region_0/trial_2/m_51_trial_2.png
0,2,52,52,9.085558,10.76,True,m_52_trial_2.png,Results/region_0/trial_2/m_52_trial_2.png
0,2,53,53,7.461579,11.87,True,m_53_trial_2.png,Results/region_0/trial_2/m_53_trial_2.png
0,2,54,54,6.146214,12.63,True,m_54_trial_2.png,Results/region_0/trial_2/m_54_trial_2.png
0,2,55,55,4.448031,13.52,True,m_55_trial_2.png,Results/region_0/trial_2/m_55_trial_2.png
0,3,42,42,49.651472,5.01,True,m_42_trial_3.png,Results/region_0/trial_3/m_42_trial_3.png
0,3,43,43,44.202418,5.41,True,m_43_trial_3.png,Results/region_0/trial_3/m_43_trial_3.png
0,3,44,44,38.255564,5.84,True,m_44_trial_3.png,Results/region_0/trial_3/m_44_trial_3.png
0,3,45,45,32.50893,6.33,True,m_45_trial_3.png,Results/region_0/trial_3/m_45_trial_3.png
0,3,46,46,28.19497,7.05,True,m_46_trial_3.png,Results/region_0/trial_3/m_46_trial_3.png
0,3,47,47,24.624287,7.69,True,m_47_trial_3.png,Results/region_0/trial_3/m_47_trial_3.png
0,3,48,48,21.266147,8.52,True,m_48_trial_3.png,Results/region_0/trial_3/m_48_trial_3.png
0,3,49,49,18.542305,9.49,True,m_49_trial_3.png,Results/region_0/trial_3/m_49_trial_3.png
0,3,50,50,14.174573,9.99,True,m_50_trial_3.png,Results/region_0/trial_3/m_50_trial_3.png
0,3,51,51,11.478279,10.35,True,m_51_trial_3.png,Results/region_0/trial_3/m_51_trial_3.png
0,3,52,52,8.995677,10.77,True,m_52_trial_3.png,Results/region_0/trial_3/m_52_trial_3.png
0,3,53,53,7.438885,11.72,True,m_53_trial_3.png,Results/region_0/trial_3/m_53_trial_3.png
0,3,54,54,6.267191,12.72,True,m_54_trial_3.png,Results/region_0/trial_3/m_54_trial_3.png
0,3,55,55,4.814655,13.52,True,m_55_trial_3.png,Results/region_0/trial_3/m_55_trial_3.png
0,4,42,42,49.570153,4.87,True,m_42_trial_4.png,Results/region_0/trial_4/m_42_trial_4.png
0,4,43,43,44.174864,5.54,True,m_43_trial_4.png,Results/region_0/trial_4/m_43_trial_4.png
0,4,44,44,38.075034,6.0,True,m_44_trial_4.png,Results/region_0/trial_4/m_44_trial_4.png
0,4,45,45,32.659093,6.52,True,m_45_trial_4.png,Results/region_0/trial_4/m_45_trial_4.png
0,4,46,46,28.182283,7.09,True,m_46_trial_4.png,Results/region_0/trial_4/m_46_trial_4.png
0,4,47,47,25.276184,7.93,True,m_47_trial_4.png,Results/region_0/trial_4/m_47_trial_4.png
0,4,48,48,21.741834,8.51,True,m_48_trial_4.png,Results/region_0/trial_4/m_48_trial_4.png
0,4,49,49,18.544617,9.5,True,m_49_trial_4.png,Results/region_0/trial_4/m_49_trial_4.png
0,4,50,50,13.962754,9.71,True,m_50_trial_4.png,Results/region_0/trial_4/m_50_trial_4.png
0,4,51,51,11.397081,10.28,True,m_51_trial_4.png,Results/region_0/trial_4/m_51_trial_4.png
0,4,52,52,9.012673,10.81,True,m_52_trial_4.png,Results/region_0/trial_4/m_52_trial_4.png
0,4,53,53,7.531498,11.88,True,m_53_trial_4.png,Results/region_0/trial_4/m_53_trial_4.png
0,4,54,54,6.166068,12.64,True,m_54_trial_4.png,Results/region_0/trial_4/m_54_trial_4.png
0,4,55,55,5.030822,13.25,True,m_55_trial_4.png,Results/region_0/trial_4/m_55_trial_4.png
0,5,42,42,49.648436,5.09,True,m_42_trial_5.png,Results/region_0/trial_5/m_42_trial_5.png
0,5,43,43,44.190901,5.35,True,m_43_trial_5.png,Results/region_0/trial_5/m_43_trial_5.png
0,5,44,44,38.246336,5.81,True,m_44_trial_5.png,Results/region_0/trial_5/m_44_trial_5.png
0,5,45,45,32.71894,6.56,True,m_45_trial_5.png,Results/region_0/trial_5/m_45_trial_5.png
0,5,46,46,28.181163,7.07,True,m_46_trial_5.png,Results/region_0/trial_5/m_46_trial_5.png
0,5,47,47,24.585312,7.69,True,m_47_trial_5.png,Results/region_0/trial_5/m_47_trial_5.png
0,5,48,48,21.277579,8.56,True,m_48_trial_5.png,Results/region_0/trial_5/m_48_trial_5.png
0,5,49,49,18.57256,9.47,True,m_49_trial_5.png,Results/region_0/trial_5/m_49_trial_5.png
0,5,50,50,14.178764,10.0,True,m_50_trial_5.png,Results/region_0/trial_5/m_50_trial_5.png
0,5,51,51,11.379631,10.28,True,m_51_trial_5.png,Results/region_0/trial_5/m_51_trial_5.png
0,5,52,52,9.010657,10.77,True,m_52_trial_5.png,Results/region_0/trial_5/m_52_trial_5.png
0,5,53,53,7.501293,11.91,True,m_53_trial_5.png,Results/region_0/trial_5/m_53_trial_5.png
0,5,54,54,6.155623,12.61,True,m_54_trial_5.png,Results/region_0/trial_5/m_54_trial_5.png
0,5,55,55,5.019845,13.34,True,m_55_trial_5.png,Results/region_0/trial_5/m_55_trial_5.png
0,6,42,42,49.524415,4.75,True,m_42_trial_6.png,Results/region_0/trial_6/m_42_trial_6.png
0,6,43,43,43.483365,5.17,True,m_43_trial_6.png,Results/region_0/trial_6/m_43_trial_6.png
0,6,44,44,38.116769,5.99,True,m_44_trial_6.png,Results/region_0/trial_6/m_44_trial_6.png
0,6,45,45,32.67207,6.5,True,m_45_trial_6.png,Results/region_0/trial_6/m_45_trial_6.png
0,6,46,46,28.213476,7.05,True,m_46_trial_6.png,Results/region_0/trial_6/m_46_trial_6.png
0,6,47,47,25.321003,7.78,True,m_47_trial_6.png,Results/region_0/trial_6/m_47_trial_6.png
0,6,48,48,21.777035,8.52,True,m_48_trial_6.png,Results/region_0/trial_6/m_48_trial_6.png
0,6,49,49,18.555037,9.51,True,m_49_trial_6.png,Results/region_0/trial_6/m_49_trial_6.png
0,6,50,50,14.178669,10.03,True,m_50_trial_6.png,Results/region_0/trial_6/m_50_trial_6.png
0,6,51,51,11.70948,10.52,True,m_51_trial_6.png,Results/region_0/trial_6/m_51_trial_6.png
0,6,52,52,9.346777,11.06,True,m_52_trial_6.png,Results/region_0/trial_6/m_52_trial_6.png
0,6,53,53,7.879677,12.13,True,m_53_trial_6.png,Results/region_0/trial_6/m_53_trial_6.png
0,6,54,54,6.031045,12.86,True,m_54_trial_6.png,Results/region_0/trial_6/m_54_trial_6.png
0,6,55,55,4.896695,14.03,True,m_55_trial_6.png,Results/region_0/trial_6/m_55_trial_6.png
0,7,42,42,49.500645,4.72,True,m_42_trial_7.png,Results/region_0/trial_7/m_42_trial_7.png
0,7,43,43,43.452583,5.17,True,m_43_trial_7.png,Results/region_0/trial_7/m_43_trial_7.png
0,7,44,44,38.159657,6.0,True,m_44_trial_7.png,Results/region_0/trial_7/m_44_trial_7.png
0,7,45,45,32.947861,6.47,True,m_45_trial_7.png,Results/region_0/trial_7/m_45_trial_7.png
0,7,46,46,28.508774,7.11,True,m_46_trial_7.png,Results/region_0/trial_7/m_46_trial_7.png
0,7,47,47,24.925937,7.95,True,m_47_trial_7.png,Results/region_0/trial_7/m_47_trial_7.png
0,7,48,48,21.307452,8.48,True,m_48_trial_7.png,Results/region_0/trial_7/m_48_trial_7.png
0,7,49,49,18.628239,9.51,True,m_49_trial_7.png,Results/region_0/trial_7/m_49_trial_7.png
0,7,50,50,14.705982,10.29,True,m_50_trial_7.png,Results/region_0/trial_7/m_50_trial_7.png
0,7,51,51,11.638683,10.65,True,m_51_trial_7.png,Results/region_0/trial_7/m_51_trial_7.png
0,7,52,52,9.004702,10.88,True,m_52_trial_7.png,Results/region_0/trial_7/m_52_trial_7.png
0,7,53,53,7.585374,11.77,True,m_53_trial_7.png,Results/region_0/trial_7/m_53_trial_7.png
0,7,54,54,6.148492,12.63,True,m_54_trial_7.png,Results/region_0/trial_7/m_54_trial_7.png
0,7,55,55,4.510071,13.04,True,m_55_trial_7.png,Results/region_0/trial_7/m_55_trial_7.png
0,8,42,42,49.517646,4.67,True,m_42_trial_8.png,Results/region_0/trial_8/m_42_trial_8.png
0,8,43,43,43.471025,5.15,True,m_43_trial_8.png,Results/region_0/trial_8/m_43_trial_8.png
0,8,44,44,38.066122,5.95,True,m_44_trial_8.png,Results/region_0/trial_8/m_44_trial_8.png
0,8,45,45,32.666346,6.51,True,m_45_trial_8.png,Results/region_0/trial_8/m_45_trial_8.png
0,8,46,46,28.166488,7.08,True,m_46_trial_8.png,Results/region_0/trial_8/m_46_trial_8.png
0,8,47,47,24.579004,7.69,True,m_47_trial_8.png,Results/region_0/trial_8/m_47_trial_8.png
0,8,48,48,21.259786,8.55,True,m_48_trial_8.png,Results/region_0/trial_8/m_48_trial_8.png
0,8,49,49,18.544732,9.47,True,m_49_trial_8.png,Results/region_0/trial_8/m_49_trial_8.png
0,8,50,50,13.93019,9.75,True,m_50_trial_8.png,Results/region_0/trial_8/m_50_trial_8.png
0,8,51,51,11.400975,10.28,True,m_51_trial_8.png,Results/region_0/trial_8/m_51_trial_8.png
0,8,52,52,9.053606,10.7,True,m_52_trial_8.png,Results/region_0/trial_8/m_52_trial_8.png
0,8,53,53,7.498774,11.87,True,m_53_trial_8.png,Results/region_0/trial_8/m_53_trial_8.png
0,8,54,54,6.166464,12.61,True,m_54_trial_8.png,Results/region_0/trial_8/m_54_trial_8.png
0,8,55,55,4.518941,13.2,True,m_55_trial_8.png,Results/region_0/trial_8/m_55_trial_8.png
0,9,42,42,49.533889,4.96,True,m_42_trial_9.png,Results/region_0/trial_9/m_42_trial_9.png
0,9,43,43,43.309576,5.16,True,m_43_trial_9.png,Results/region_0/trial_9/m_43_trial_9.png
0,9,44,44,37.545554,5.68,True,m_44_trial_9.png,Results/region_0/trial_9/m_44_trial_9.png
0,9,45,45,32.490237,6.34,True,m_45_trial_9.png,Results/region_0/trial_9/m_45_trial_9.png
0,9,46,46,28.205392,7.07,True,m_46_trial_9.png,Results/region_0/trial_9/m_46_trial_9.png
0,9,47,47,25.267522,7.94,True,m_47_trial_9.png,Results/region_0/trial_9/m_47_trial_9.png
0,9,48,48,21.285608,8.54,True,m_48_trial_9.png,Results/region_0/trial_9/m_48_trial_9.png
0,9,49,49,18.544495,9.49,True,m_49_trial_9.png,Results/region_0/trial_9/m_49_trial_9.png
0,9,50,50,14.20931,10.09,True,m_50_trial_9.png,Results/region_0/trial_9/m_50_trial_9.png
0,9,51,51,11.405522,10.27,True,m_51_trial_9.png,Results/region_0/trial_9/m_51_trial_9.png
0,9,52,52,8.99274,10.78,True,m_52_trial_9.png,Results/region_0/trial_9/m_52_trial_9.png
0,9,53,53,7.507747,11.8,True,m_53_trial_9.png,Results/region_0/trial_9/m_53_trial_9.png
0,9,54,54,5.581898,12.58,True,m_54_trial_9.png,Results/region_0/trial_9/m_54_trial_9.png
0,9,55,55,4.302981,12.97,True,m_55_trial_9.png,Results/region_0/trial_9/m_55_trial_9.png
1,0,22,22,36.422998,5.04,True,m_22_trial_0.png,Results/region_1/trial_0/m_22_trial_0.png
1,0,23,23,28.670995,5.32,True,m_23_trial_0.png,Results/region_1/trial_0/m_23_trial_0.png
1,0,24,24,23.051712,5.79,True,m_24_trial_0.png,Results/region_1/trial_0/m_24_trial_0.png
1,0,25,25,18.758069,6.95,True,m_25_trial_0.png,Results/region_1/trial_0/m_25_trial_0.png
1,0,26,26,14.471266,7.0,True,m_26_trial_0.png,Results/region_1/trial_0/m_26_trial_0.png
1,0,27,27,11.875774,6.8,True,m_27_trial_0.png,Results/region_1/trial_0/m_27_trial_0.png
1,0,28,28,9.683996,7.23,True,m_28_trial_0.png,Results/region_1/trial_0/m_28_trial_0.png
1,0,29,29,8.287134,9.01,True,m_29_trial_0.png,Results/region_1/trial_0/m_29_trial_0.png
1,0,30,30,5.7868,10.76,True,m_30_trial_0.png,Results/region_1/trial_0/m_30_trial_0.png
1,0,31,31,4.073247,11.28,True,m_31_trial_0.png,Results/region_1/trial_0/m_31_trial_0.png
1,0,32,32,2.594306,11.92,True,m_32_trial_0.png,Results/region_1/trial_0/m_32_trial_0.png
1,1,22,22,36.413111,5.0,True,m_22_trial_1.png,Results/region_1/trial_1/m_22_trial_1.png
1,1,23,23,28.714932,5.49,True,m_23_trial_1.png,Results/region_1/trial_1/m_23_trial_1.png
1,1,24,24,22.948385,5.84,True,m_24_trial_1.png,Results/region_1/trial_1/m_24_trial_1.png
1,1,25,25,18.891134,6.71,True,m_25_trial_1.png,Results/region_1/trial_1/m_25_trial_1.png
1,1,26,26,14.40717,6.84,True,m_26_trial_1.png,Results/region_1/trial_1/m_26_trial_1.png
1,1,27,27,11.854979,6.65,True,m_27_trial_1.png,Results/region_1/trial_1/m_27_trial_1.png
1,1,28,28,9.672845,7.05,True,m_28_trial_1.png,Results/region_1/trial_1/m_28_trial_1.png
1,1,29,29,7.054638,8.95,True,m_29_trial_1.png,Results/region_1/trial_1/m_29_trial_1.png
1,1,30,30,5.372298,9.55,True,m_30_trial_1.png,Results/region_1/trial_1/m_30_trial_1.png
1,1,31,31,3.597576,10.53,True,m_31_trial_1.png,Results/region_1/trial_1/m_31_trial_1.png
1,1,32,32,2.316887,11.22,True,m_32_trial_1.png,Results/region_1/trial_1/m_32_trial_1.png
1,2,22,22,36.425934,4.98,True,m_22_trial_2.png,Results/region_1/trial_2/m_22_trial_2.png
1,2,23,23,28.71511,5.38,True,m_23_trial_2.png,Results/region_1/trial_2/m_23_trial_2.png
1,2,24,24,22.960749,5.75,True,m_24_trial_2.png,Results/region_1/trial_2/m_24_trial_2.png
1,2,25,25,18.016166,6.35,True,m_25_trial_2.png,Results/region_1/trial_2/m_25_trial_2.png
1,2,26,26,15.48434,6.27,True,m_26_trial_2.png,Results/region_1/trial_2/m_26_trial_2.png
1,2,27,27,11.855218,6.7,True,m_27_trial_2.png,Results/region_1/trial_2/m_27_trial_2.png
1,2,28,28,9.666278,7.15,True,m_28_trial_2.png,Results/region_1/trial_2/m_28_trial_2.png
1,2,29,29,8.515783,7.99,True,m_29_trial_2.png,Results/region_1/trial_2/m_29_trial_2.png
1,2,30,30,5.211059,10.06,True,m_30_trial_2.png,Results/region_1/trial_2/m_30_trial_2.png
1,2,31,31,3.629165,10.69,True,m_31_trial_2.png,Results/region_1/trial_2/m_31_trial_2.png
1,2,32,32,2.844112,11.7,True,m_32_trial_2.png,Results/region_1/trial_2/m_32_trial_2.png
1,2,33,33,1.989124,12.95,True,m_33_trial_2.png,Results/region_1/trial_2/m_33_trial_2.png
1,3,22,22,36.422125,4.78,True,m_22_trial_3.png,Results/region_1/trial_3/m_22_trial_3.png
1,3,23,23,28.688212,5.31,True,m_23_trial_3.png,Results/region_1/trial_3/m_23_trial_3.png
1,3,24,24,22.941389,5.78,True,m_24_trial_3.png,Results/region_1/trial_3/m_24_trial_3.png
1,3,25,25,18.027959,6.29,True,m_25_trial_3.png,Results/region_1/trial_3/m_25_trial_3.png
1,3,26,26,14.389806,6.81,True,m_26_trial_3.png,Results/region_1/trial_3/m_26_trial_3.png
1,3,27,27,11.842582,6.7,True,m_27_trial_3.png,Results/region_1/trial_3/m_27_trial_3.png
1,3,28,28,9.672204,7.11,True,m_28_trial_3.png,Results/region_1/trial_3/m_28_trial_3.png
1,3,29,29,7.714438,8.48,True,m_29_trial_3.png,Results/region_1/trial_3/m_29_trial_3.png
1,3,30,30,5.03617,9.56,True,m_30_trial_3.png,Results/region_1/trial_3/m_30_trial_3.png
1,3,31,31,3.547053,10.31,True,m_31_trial_3.png,Results/region_1/trial_3/m_31_trial_3.png
1,3,32,32,2.430676,11.42,True,m_32_trial_3.png,Results/region_1/trial_3/m_32_trial_3.png
1,4,22,22,36.42441,4.98,True,m_22_trial_4.png,Results/region_1/trial_4/m_22_trial_4.png
1,4,23,23,28.671008,5.29,True,m_23_trial_4.png,Results/region_1/trial_4/m_23_trial_4.png
1,4,24,24,22.976346,5.77,True,m_24_trial_4.png,Results/region_1/trial_4/m_24_trial_4.png
1,4,25,25,18.024429,6.28,True,m_25_trial_4.png,Results/region_1/trial_4/m_25_trial_4.png
1,4,26,26,14.394052,6.81,True,m_26_trial_4.png,Results/region_1/trial_4/m_26_trial_4.png
1,4,27,27,11.858983,6.73,True,m_27_trial_4.png,Results/region_1/trial_4/m_27_trial_4.png
1,4,28,28,9.667431,7.11,True,m_28_trial_4.png,Results/region_1/trial_4/m_28_trial_4.png
1,4,29,29,8.522048,8.11,True,m_29_trial_4.png,Results/region_1/trial_4/m_29_trial_4.png
1,4,30,30,5.838299,10.39,True,m_30_trial_4.png,Results/region_1/trial_4/m_30_trial_4.png
1,4,31,31,4.075137,11.35,True,m_31_trial_4.png,Results/region_1/trial_4/m_31_trial_4.png
1,4,32,32,2.786652,13.05,True,m_32_trial_4.png,Results/region_1/trial_4/m_32_trial_4.png
1,4,33,33,2.027483,13.59,True,m_33_trial_4.png,Results/region_1/trial_4/m_33_trial_4.png
1,5,22,22,36.425934,4.98,True,m_22_trial_5.png,Results/region_1/trial_5/m_22_trial_5.png
1,5,23,23,28.683923,5.34,True,m_23_trial_5.png,Results/region_1/trial_5/m_23_trial_5.png
1,5,24,24,23.423608,5.96,True,m_24_trial_5.png,Results/region_1/trial_5/m_24_trial_5.png
1,5,25,25,18.021333,6.25,True,m_25_trial_5.png,Results/region_1/trial_5/m_25_trial_5.png
1,5,26,26,14.391996,6.87,True,m_26_trial_5.png,Results/region_1/trial_5/m_26_trial_5.png
1,5,27,27,11.873118,7.0,True,m_27_trial_5.png,Results/region_1/trial_5/m_27_trial_5.png
1,5,28,28,10.205972,8.01,True,m_28_trial_5.png,Results/region_1/trial_5/m_28_trial_5.png
1,5,29,29,8.54055,8.21,True,m_29_trial_5.png,Results/region_1/trial_5/m_29_trial_5.png
1,5,30,30,5.196292,10.11,True,m_30_trial_5.png,Results/region_1/trial_5/m_30_trial_5.png
1,5,31,31,3.578686,10.29,True,m_31_trial_5.png,Results/region_1/trial_5/m_31_trial_5.png
1,5,32,32,2.343011,11.74,True,m_32_trial_5.png,Results/region_1/trial_5/m_32_trial_5.png
1,6,22,22,36.421763,4.81,True,m_22_trial_6.png,Results/region_1/trial_6/m_22_trial_6.png
1,6,23,23,28.672461,5.34,True,m_23_trial_6.png,Results/region_1/trial_6/m_23_trial_6.png
1,6,24,24,22.966497,5.79,True,m_24_trial_6.png,Results/region_1/trial_6/m_24_trial_6.png
1,6,25,25,18.013073,6.24,True,m_25_trial_6.png,Results/region_1/trial_6/m_25_trial_6.png
1,6,26,26,15.495054,6.25,True,m_26_trial_6.png,Results/region_1/trial_6/m_26_trial_6.png
1,6,27,27,11.84753,6.7,True,m_27_trial_6.png,Results/region_1/trial_6/m_27_trial_6.png
1,6,28,28,9.674628,7.12,True,m_28_trial_6.png,Results/region_1/trial_6/m_28_trial_6.png
1,6,29,29,7.717305,8.41,True,m_29_trial_6.png,Results/region_1/trial_6/m_29_trial_6.png
1,6,30,30,5.185133,9.93,True,m_30_trial_6.png,Results/region_1/trial_6/m_30_trial_6.png
1,6,31,31,3.625448,11.06,True,m_31_trial_6.png,Results/region_1/trial_6/m_31_trial_6.png
1,6,32,32,2.488357,12.15,True,m_32_trial_6.png,Results/region_1/trial_6/m_32_trial_6.png
1,7,22,22,36.415967,5.09,True,m_22_trial_7.png,Results/region_1/trial_7/m_22_trial_7.png
1,7,23,23,28.707951,5.29,True,m_23_trial_7.png,Results/region_1/trial_7/m_23_trial_7.png
1,7,24,24,23.410007,5.85,True,m_24_trial_7.png,Results/region_1/trial_7/m_24_trial_7.png
1,7,25,25,18.035401,6.31,True,m_25_trial_7.png,Results/region_1/trial_7/m_25_trial_7.png
1,7,26,26,14.399925,6.77,True,m_26_trial_7.png,Results/region_1/trial_7/m_26_trial_7.png
1,7,27,27,11.842145,6.67,True,m_27_trial_7.png,Results/region_1/trial_7/m_27_trial_7.png
1,7,28,28,9.663163,7.11,True,m_28_trial_7.png,Results/region_1/trial_7/m_28_trial_7.png
1,7,29,29,7.056969,8.98,True,m_29_trial_7.png,Results/region_1/trial_7/m_29_trial_7.png
1,7,30,30,5.373492,9.58,True,m_30_trial_7.png,Results/region_1/trial_7/m_30_trial_7.png
1,7,31,31,3.7024,11.43,True,m_31_trial_7.png,Results/region_1/trial_7/m_31_trial_7.png
1,7,32,32,2.555919,12.86,True,m_32_trial_7.png,Results/region_1/trial_7/m_32_trial_7.png
1,8,22,22,36.425934,4.98,True,m_22_trial_8.png,Results/region_1/trial_8/m_22_trial_8.png
1,8,23,23,28.694719,5.3,True,m_23_trial_8.png,Results/region_1/trial_8/m_23_trial_8.png
1,8,24,24,22.954409,5.79,True,m_24_trial_8.png,Results/region_1/trial_8/m_24_trial_8.png
1,8,25,25,18.029146,6.28,True,m_25_trial_8.png,Results/region_1/trial_8/m_25_trial_8.png
1,8,26,26,14.401189,6.8,True,m_26_trial_8.png,Results/region_1/trial_8/m_26_trial_8.png
1,8,27,27,11.847365,6.69,True,m_27_trial_8.png,Results/region_1/trial_8/m_27_trial_8.png
1,8,28,28,9.364258,7.86,True,m_28_trial_8.png,Results/region_1/trial_8/m_28_trial_8.png
1,8,29,29,7.622021,9.46,True,m_29_trial_8.png,Results/region_1/trial_8/m_29_trial_8.png
1,8,30,30,5.824775,10.69,True,m_30_trial_8.png,Results/region_1/trial_8/m_30_trial_8.png
1,8,31,31,4.436864,12.42,True,m_31_trial_8.png,Results/region_1/trial_8/m_31_trial_8.png
1,8,32,32,3.196466,13.93,True,m_32_trial_8.png,Results/region_1/trial_8/m_32_trial_8.png
1,8,33,33,2.032991,14.88,True,m_33_trial_8.png,Results/region_1/trial_8/m_33_trial_8.png
1,9,22,22,36.425934,4.98,True,m_22_trial_9.png,Results/region_1/trial_9/m_22_trial_9.png
1,9,23,23,28.696385,5.37,True,m_23_trial_9.png,Results/region_1/trial_9/m_23_trial_9.png
1,9,24,24,23.424337,5.82,True,m_24_trial_9.png,Results/region_1/trial_9/m_24_trial_9.png
1,9,25,25,18.021205,6.33,True,m_25_trial_9.png,Results/region_1/trial_9/m_25_trial_9.png
1,9,26,26,14.385989,6.77,True,m_26_trial_9.png,Results/region_1/trial_9/m_26_trial_9.png
1,9,27,27,11.836364,6.63,True,m_27_trial_9.png,Results/region_1/trial_9/m_27_trial_9.png
1,9,28,28,9.664866,7.13,True,m_28_trial_9.png,Results/region_1/trial_9/m_28_trial_9.png
1,9,29,29,7.69555,8.33,True,m_29_trial_9.png,Results/region_1/trial_9/m_29_trial_9.png
1,9,30,30,5.019097,9.58,True,m_30_trial_9.png,Results/region_1/trial_9/m_30_trial_9.png
1,9,31,31,3.559639,10.37,True,m_31_trial_9.png,Results/region_1/trial_9/m_31_trial_9.png
1,9,32,32,2.304876,11.18,True,m_32_trial_9.png,Results/region_1/trial_9/m_32_trial_9.png
2,0,74,74,72.311571,5.01,True,m_74_trial_0.png,Results/region_2/trial_0/m_74_trial_0.png
2,0,75,75,66.310346,5.33,True,m_75_trial_0.png,Results/region_2/trial_0/m_75_trial_0.png
2,0,76,76,58.673343,5.58,True,m_76_trial_0.png,Results/region_2/trial_0/m_76_trial_0.png
2,0,77,77,52.146426,6.02,True,m_77_trial_0.png,Results/region_2/trial_0/m_77_trial_0.png
2,0,78,78,47.392763,6.65,True,m_78_trial_0.png,Results/region_2/trial_0/m_78_trial_0.png
2,0,79,79,42.907162,6.96,True,m_79_trial_0.png,Results/region_2/trial_0/m_79_trial_0.png
2,0,80,80,36.856109,7.39,True,m_80_trial_0.png,Results/region_2/trial_0/m_80_trial_0.png
2,0,81,81,33.079208,7.84,True,m_81_trial_0.png,Results/region_2/trial_0/m_81_trial_0.png
2,0,82,82,29.644873,8.35,True,m_82_trial_0.png,Results/region_2/trial_0/m_82_trial_0.png
2,0,83,83,26.135196,8.97,True,m_83_trial_0.png,Results/region_2/trial_0/m_83_trial_0.png
2,0,84,84,23.573595,9.69,True,m_84_trial_0.png,Results/region_2/trial_0/m_84_trial_0.png
2,0,85,85,21.14196,10.01,True,m_85_trial_0.png,Results/region_2/trial_0/m_85_trial_0.png
2,0,86,86,19.675923,10.77,True,m_86_trial_0.png,Results/region_2/trial_0/m_86_trial_0.png
2,0,87,87,17.613668,11.28,True,m_87_trial_0.png,Results/region_2/trial_0/m_87_trial_0.png
2,0,88,88,15.537895,12.38,True,m_88_trial_0.png,Results/region_2/trial_0/m_88_trial_0.png
2,0,89,89,13.504765,13.01,True,m_89_trial_0.png,Results/region_2/trial_0/m_89_trial_0.png
2,0,90,90,11.987634,13.3,True,m_90_trial_0.png,Results/region_2/trial_0/m_90_trial_0.png
2,0,91,91,10.296884,13.91,True,m_91_trial_0.png,Results/region_2/trial_0/m_91_trial_0.png
2,0,92,92,8.222972,14.36,True,m_92_trial_0.png,Results/region_2/trial_0/m_92_trial_0.png
2,1,74,74,72.346779,5.02,True,m_74_trial_1.png,Results/region_2/trial_1/m_74_trial_1.png
2,1,75,75,66.219798,5.39,True,m_75_trial_1.png,Results/region_2/trial_1/m_75_trial_1.png
2,1,76,76,58.740179,5.62,True,m_76_trial_1.png,Results/region_2/trial_1/m_76_trial_1.png
2,1,77,77,52.252388,6.02,True,m_77_trial_1.png,Results/region_2/trial_1/m_77_trial_1.png
2,1,78,78,47.426905,6.61,True,m_78_trial_1.png,Results/region_2/trial_1/m_78_trial_1.png
2,1,79,79,41.035554,6.85,True,m_79_trial_1.png,Results/region_2/trial_1/m_79_trial_1.png
2,1,80,80,36.751248,7.34,True,m_80_trial_1.png,Results/region_2/trial_1/m_80_trial_1.png
2,1,81,81,32.98062,7.82,True,m_81_trial_1.png,Results/region_2/trial_1/m_81_trial_1.png
2,1,82,82,29.647365,8.37,True,m_82_trial_1.png,Results/region_2/trial_1/m_82_trial_1.png
2,1,83,83,26.241589,9.02,True,m_83_trial_1.png,Results/region_2/trial_1/m_83_trial_1.png
2,1,84,84,23.459857,10.0,True,m_84_trial_1.png,Results/region_2/trial_1/m_84_trial_1.png
2,1,85,85,20.782794,10.36,True,m_85_trial_1.png,Results/region_2/trial_1/m_85_trial_1.png
2,1,86,86,19.225203,11.0,True,m_86_trial_1.png,Results/region_2/trial_1/m_86_trial_1.png
2,1,87,87,17.104752,11.48,True,m_87_trial_1.png,Results/region_2/trial_1/m_87_trial_1.png
2,1,88,88,14.869212,12.02,True,m_88_trial_1.png,Results/region_2/trial_1/m_88_trial_1.png
2,1,89,89,13.086162,12.39,True,m_89_trial_1.png,Results/region_2/trial_1/m_89_trial_1.png
2,1,90,90,11.401361,12.83,True,m_90_trial_1.png,Results/region_2/trial_1/m_90_trial_1.png
2,1,91,91,9.501476,13.45,True,m_91_trial_1.png,Results/region_2/trial_1/m_91_trial_1.png
2,1,92,92,8.084853,14.2,True,m_92_trial_1.png,Results/region_2/trial_1/m_92_trial_1.png
2,2,74,74,72.327221,4.99,True,m_74_trial_2.png,Results/region_2/trial_2/m_74_trial_2.png
2,2,75,75,66.199572,5.38,True,m_75_trial_2.png,Results/region_2/trial_2/m_75_trial_2.png
2,2,76,76,58.894394,5.62,True,m_76_trial_2.png,Results/region_2/trial_2/m_76_trial_2.png
2,2,77,77,51.939921,6.09,True,m_77_trial_2.png,Results/region_2/trial_2/m_77_trial_2.png
2,2,78,78,47.144026,6.6,True,m_78_trial_2.png,Results/region_2/trial_2/m_78_trial_2.png
2,2,79,79,42.685503,7.03,True,m_79_trial_2.png,Results/region_2/trial_2/m_79_trial_2.png
2,2,80,80,36.635123,7.34,True,m_80_trial_2.png,Results/region_2/trial_2/m_80_trial_2.png
2,2,81,81,32.787651,7.76,True,m_81_trial_2.png,Results/region_2/trial_2/m_81_trial_2.png
2,2,82,82,29.507381,8.48,True,m_82_trial_2.png,Results/region_2/trial_2/m_82_trial_2.png
2,2,83,83,26.169916,8.96,True,m_83_trial_2.png,Results/region_2/trial_2/m_83_trial_2.png
2,2,84,84,23.617372,9.71,True,m_84_trial_2.png,Results/region_2/trial_2/m_84_trial_2.png
2,2,85,85,21.183993,10.22,True,m_85_trial_2.png,Results/region_2/trial_2/m_85_trial_2.png
2,2,86,86,19.345044,10.52,True,m_86_trial_2.png,Results/region_2/trial_2/m_86_trial_2.png
2,2,87,87,16.384876,10.89,True,m_87_trial_2.png,Results/region_2/trial_2/m_87_trial_2.png
2,2,88,88,14.756113,11.64,True,m_88_trial_2.png,Results/region_2/trial_2/m_88_trial_2.png
2,2,89,89,13.480531,11.89,True,m_89_trial_2.png,Results/region_2/trial_2/m_89_trial_2.png
2,2,90,90,11.937776,12.18,True,m_90_trial_2.png,Results/region_2/trial_2/m_90_trial_2.png
2,2,91,91,10.507928,12.81,True,m_91_trial_2.png,Results/region_2/trial_2/m_91_trial_2.png
2,2,92,92,8.870488,13.56,True,m_92_trial_2.png,Results/region_2/trial_2/m_92_trial_2.png
2,3,74,74,72.678638,5.05,True,m_74_trial_3.png,Results/region_2/trial_3/m_74_trial_3.png
2,3,75,75,65.176145,5.39,True,m_75_trial_3.png,Results/region_2/trial_3/m_75_trial_3.png
2,3,76,76,58.979774,5.64,True,m_76_trial_3.png,Results/region_2/trial_3/m_76_trial_3.png
2,3,77,77,51.953703,6.04,True,m_77_trial_3.png,Results/region_2/trial_3/m_77_trial_3.png
2,3,78,78,45.679737,6.36,True,m_78_trial_3.png,Results/region_2/trial_3/m_78_trial_3.png
2,3,79,79,40.980459,6.89,True,m_79_trial_3.png,Results/region_2/trial_3/m_79_trial_3.png
2,3,80,80,36.734384,7.36,True,m_80_trial_3.png,Results/region_2/trial_3/m_80_trial_3.png
2,3,81,81,33.3786,7.94,True,m_81_trial_3.png,Results/region_2/trial_3/m_81_trial_3.png
2,3,82,82,29.602363,8.38,True,m_82_trial_3.png,Results/region_2/trial_3/m_82_trial_3.png
2,3,83,83,26.195673,9.01,True,m_83_trial_3.png,Results/region_2/trial_3/m_83_trial_3.png
2,3,84,84,23.614877,9.73,True,m_84_trial_3.png,Results/region_2/trial_3/m_84_trial_3.png
2,3,85,85,21.173979,10.0,True,m_85_trial_3.png,Results/region_2/trial_3/m_85_trial_3.png
2,3,86,86,19.572337,10.85,True,m_86_trial_3.png,Results/region_2/trial_3/m_86_trial_3.png
2,3,87,87,17.502001,11.31,True,m_87_trial_3.png,Results/region_2/trial_3/m_87_trial_3.png
2,3,88,88,16.226367,12.17,True,m_88_trial_3.png,Results/region_2/trial_3/m_88_trial_3.png
2,3,89,89,14.008636,12.39,True,m_89_trial_3.png,Results/region_2/trial_3/m_89_trial_3.png
2,3,90,90,11.516294,13.24,True,m_90_trial_3.png,Results/region_2/trial_3/m_90_trial_3.png
2,3,91,91,9.983281,13.51,True,m_91_trial_3.png,Results/region_2/trial_3/m_91_trial_3.png
2,3,92,92,8.364958,14.29,True,m_92_trial_3.png,Results/region_2/trial_3/m_92_trial_3.png
2,4,74,74,72.262478,5.02,True,m_74_trial_4.png,Results/region_2/trial_4/m_74_trial_4.png
2,4,75,75,66.251048,5.41,True,m_75_trial_4.png,Results/region_2/trial_4/m_75_trial_4.png
2,4,76,76,58.946944,5.72,True,m_76_trial_4.png,Results/region_2/trial_4/m_76_trial_4.png
2,4,77,77,52.300762,6.04,True,m_77_trial_4.png,Results/region_2/trial_4/m_77_trial_4.png
2,4,78,78,47.153243,6.56,True,m_78_trial_4.png,Results/region_2/trial_4/m_78_trial_4.png
2,4,79,79,41.135295,6.91,True,m_79_trial_4.png,Results/region_2/trial_4/m_79_trial_4.png
2,4,80,80,36.650177,7.37,True,m_80_trial_4.png,Results/region_2/trial_4/m_80_trial_4.png
2,4,81,81,33.267497,7.94,True,m_81_trial_4.png,Results/region_2/trial_4/m_81_trial_4.png
2,4,82,82,29.542312,8.28,True,m_82_trial_4.png,Results/region_2/trial_4/m_82_trial_4.png
2,4,83,83,26.241009,8.98,True,m_83_trial_4.png,Results/region_2/trial_4/m_83_trial_4.png
2,4,84,84,23.533112,9.69,True,m_84_trial_4.png,Results/region_2/trial_4/m_84_trial_4.png
2,4,85,85,21.172223,10.02,True,m_85_trial_4.png,Results/region_2/trial_4/m_85_trial_4.png
2,4,86,86,19.175579,10.45,True,m_86_trial_4.png,Results/region_2/trial_4/m_86_trial_4.png
2,4,87,87,17.101775,11.15,True,m_87_trial_4.png,Results/region_2/trial_4/m_87_trial_4.png
2,4,88,88,14.834049,11.23,True,m_88_trial_4.png,Results/region_2/trial_4/m_88_trial_4.png
2,4,89,89,13.257083,11.98,True,m_89_trial_4.png,Results/region_2/trial_4/m_89_trial_4.png
2,4,90,90,10.609592,12.4,True,m_90_trial_4.png,Results/region_2/trial_4/m_90_trial_4.png
2,4,91,91,9.31022,13.24,True,m_91_trial_4.png,Results/region_2/trial_4/m_91_trial_4.png
2,4,92,92,7.102229,13.82,True,m_92_trial_4.png,Results/region_2/trial_4/m_92_trial_4.png
2,5,74,74,72.328522,4.97,True,m_74_trial_5.png,Results/region_2/trial_5/m_74_trial_5.png
2,5,75,75,64.945726,5.32,True,m_75_trial_5.png,Results/region_2/trial_5/m_75_trial_5.png
2,5,76,76,59.118132,5.69,True,m_76_trial_5.png,Results/region_2/trial_5/m_76_trial_5.png
2,5,77,77,51.958911,6.03,True,m_77_trial_5.png,Results/region_2/trial_5/m_77_trial_5.png
2,5,78,78,45.749517,6.36,True,m_78_trial_5.png,Results/region_2/trial_5/m_78_trial_5.png
2,5,79,79,40.86751,6.88,True,m_79_trial_5.png,Results/region_2/trial_5/m_79_trial_5.png
2,5,80,80,36.645905,7.39,True,m_80_trial_5.png,Results/region_2/trial_5/m_80_trial_5.png
2,5,81,81,33.192116,7.95,True,m_81_trial_5.png,Results/region_2/trial_5/m_81_trial_5.png
2,5,82,82,29.584904,8.46,True,m_82_trial_5.png,Results/region_2/trial_5/m_82_trial_5.png
2,5,83,83,26.137812,9.03,True,m_83_trial_5.png,Results/region_2/trial_5/m_83_trial_5.png
2,5,84,84,23.525433,9.86,True,m_84_trial_5.png,Results/region_2/trial_5/m_84_trial_5.png
2,5,85,85,20.44618,9.81,True,m_85_trial_5.png,Results/region_2/trial_5/m_85_trial_5.png
2,5,86,86,18.076052,10.07,True,m_86_trial_5.png,Results/region_2/trial_5/m_86_trial_5.png
2,5,87,87,15.608379,10.59,True,m_87_trial_5.png,Results/region_2/trial_5/m_87_trial_5.png
2,5,88,88,14.160315,11.38,True,m_88_trial_5.png,Results/region_2/trial_5/m_88_trial_5.png
2,5,89,89,12.605255,12.04,True,m_89_trial_5.png,Results/region_2/trial_5/m_89_trial_5.png
2,5,90,90,10.978531,12.7,True,m_90_trial_5.png,Results/region_2/trial_5/m_90_trial_5.png
2,5,91,91,9.515147,13.24,True,m_91_trial_5.png,Results/region_2/trial_5/m_91_trial_5.png
2,5,92,92,7.483747,14.06,True,m_92_trial_5.png,Results/region_2/trial_5/m_92_trial_5.png
2,6,74,74,72.339498,5.01,True,m_74_trial_6.png,Results/region_2/trial_6/m_74_trial_6.png
2,6,75,75,65.790407,5.51,True,m_75_trial_6.png,Results/region_2/trial_6/m_75_trial_6.png
2,6,76,76,58.313978,5.8,True,m_76_trial_6.png,Results/region_2/trial_6/m_76_trial_6.png
2,6,77,77,52.253054,6.2,True,m_77_trial_6.png,Results/region_2/trial_6/m_77_trial_6.png
2,6,78,78,47.355169,6.74,True,m_78_trial_6.png,Results/region_2/trial_6/m_78_trial_6.png
2,6,79,79,42.87022,7.19,True,m_79_trial_6.png,Results/region_2/trial_6/m_79_trial_6.png
2,6,80,80,39.104741,7.64,True,m_80_trial_6.png,Results/region_2/trial_6/m_80_trial_6.png
2,6,81,81,35.518193,8.1,True,m_81_trial_6.png,Results/region_2/trial_6/m_81_trial_6.png
2,6,82,82,29.359965,8.33,True,m_82_trial_6.png,Results/region_2/trial_6/m_82_trial_6.png
2,6,83,83,26.265627,9.02,True,m_83_trial_6.png,Results/region_2/trial_6/m_83_trial_6.png
2,6,84,84,23.545256,9.71,True,m_84_trial_6.png,Results/region_2/trial_6/m_84_trial_6.png
2,6,85,85,21.143013,10.04,True,m_85_trial_6.png,Results/region_2/trial_6/m_85_trial_6.png
2,6,86,86,19.630842,11.04,True,m_86_trial_6.png,Results/region_2/trial_6/m_86_trial_6.png
2,6,87,87,17.648721,11.65,True,m_87_trial_6.png,Results/region_2/trial_6/m_87_trial_6.png
2,6,88,88,15.62497,12.3,True,m_88_trial_6.png,Results/region_2/trial_6/m_88_trial_6.png
2,6,89,89,13.109953,12.64,True,m_89_trial_6.png,Results/region_2/trial_6/m_89_trial_6.png
2,6,90,90,11.819145,13.31,True,m_90_trial_6.png,Results/region_2/trial_6/m_90_trial_6.png
2,6,91,91,9.784358,13.73,True,m_91_trial_6.png,Results/region_2/trial_6/m_91_trial_6.png
2,6,92,92,7.798518,13.8,True,m_92_trial_6.png,Results/region_2/trial_6/m_92_trial_6.png
2,7,74,74,72.315585,5.04,True,m_74_trial_7.png,Results/region_2/trial_7/m_74_trial_7.png
2,7,75,75,66.360035,5.37,True,m_75_trial_7.png,Results/region_2/trial_7/m_75_trial_7.png
2,7,76,76,59.061144,5.65,True,m_76_trial_7.png,Results/region_2/trial_7/m_76_trial_7.png
2,7,77,77,52.100359,6.08,True,m_77_trial_7.png,Results/region_2/trial_7/m_77_trial_7.png
2,7,78,78,45.716236,6.37,True,m_78_trial_7.png,Results/region_2/trial_7/m_78_trial_7.png
2,7,79,79,40.919523,6.89,True,m_79_trial_7.png,Results/region_2/trial_7/m_79_trial_7.png
2,7,80,80,36.767421,7.33,True,m_80_trial_7.png,Results/region_2/trial_7/m_80_trial_7.png
2,7,81,81,32.908489,7.81,True,m_81_trial_7.png,Results/region_2/trial_7/m_81_trial_7.png
2,7,82,82,29.543972,8.33,True,m_82_trial_7.png,Results/region_2/trial_7/m_82_trial_7.png
2,7,83,83,26.260771,8.85,True,m_83_trial_7.png,Results/region_2/trial_7/m_83_trial_7.png
2,7,84,84,23.609368,9.14,True,m_84_trial_7.png,Results/region_2/trial_7/m_84_trial_7.png
2,7,85,85,21.146481,9.86,True,m_85_trial_7.png,Results/region_2/trial_7/m_85_trial_7.png
2,7,86,86,18.899765,10.12,True,m_86_trial_7.png,Results/region_2/trial_7/m_86_trial_7.png
2,7,87,87,16.682713,10.66,True,m_87_trial_7.png,Results/region_2/trial_7/m_87_trial_7.png
2,7,88,88,15.008872,11.43,True,m_88_trial_7.png,Results/region_2/trial_7/m_88_trial_7.png
2,7,89,89,12.877814,12.25,True,m_89_trial_7.png,Results/region_2/trial_7/m_89_trial_7.png
2,7,90,90,10.817505,12.98,True,m_90_trial_7.png,Results/region_2/trial_7/m_90_trial_7.png
2,7,91,91,9.095101,13.5,True,m_91_trial_7.png,Results/region_2/trial_7/m_91_trial_7.png
2,8,74,74,72.204409,5.0,True,m_74_trial_8.png,Results/region_2/trial_8/m_74_trial_8.png
2,8,75,75,64.816045,5.33,True,m_75_trial_8.png,Results/region_2/trial_8/m_75_trial_8.png
2,8,76,76,57.98885,5.75,True,m_76_trial_8.png,Results/region_2/trial_8/m_76_trial_8.png
2,8,77,77,52.059567,6.03,True,m_77_trial_8.png,Results/region_2/trial_8/m_77_trial_8.png
2,8,78,78,45.887446,6.4,True,m_78_trial_8.png,Results/region_2/trial_8/m_78_trial_8.png
2,8,79,79,40.975832,6.9,True,m_79_trial_8.png,Results/region_2/trial_8/m_79_trial_8.png
2,8,80,80,36.747,7.35,True,m_80_trial_8.png,Results/region_2/trial_8/m_80_trial_8.png
2,8,81,81,33.411927,7.91,True,m_81_trial_8.png,Results/region_2/trial_8/m_81_trial_8.png
2,8,82,82,29.580583,8.39,True,m_82_trial_8.png,Results/region_2/trial_8/m_82_trial_8.png
2,8,83,83,26.229193,9.02,True,m_83_trial_8.png,Results/region_2/trial_8/m_83_trial_8.png
2,8,84,84,23.643729,9.66,True,m_84_trial_8.png,Results/region_2/trial_8/m_84_trial_8.png
2,8,85,85,21.775852,10.36,True,m_85_trial_8.png,Results/region_2/trial_8/m_85_trial_8.png
2,8,86,86,19.626539,10.85,True,m_86_trial_8.png,Results/region_2/trial_8/m_86_trial_8.png
2,8,87,87,17.615429,11.3,True,m_87_trial_8.png,Results/region_2/trial_8/m_87_trial_8.png
2,8,88,88,15.585614,11.89,True,m_88_trial_8.png,Results/region_2/trial_8/m_88_trial_8.png
2,8,89,89,13.532828,12.12,True,m_89_trial_8.png,Results/region_2/trial_8/m_89_trial_8.png
2,8,90,90,11.8573,12.68,True,m_90_trial_8.png,Results/region_2/trial_8/m_90_trial_8.png
2,8,91,91,10.674943,13.48,True,m_91_trial_8.png,Results/region_2/trial_8/m_91_trial_8.png
2,8,92,92,9.055461,14.09,True,m_92_trial_8.png,Results/region_2/trial_8/m_92_trial_8.png
2,9,74,74,72.328295,4.94,True,m_74_trial_9.png,Results/region_2/trial_9/m_74_trial_9.png
2,9,75,75,65.850951,5.38,True,m_75_trial_9.png,Results/region_2/trial_9/m_75_trial_9.png
2,9,76,76,58.768621,5.63,True,m_76_trial_9.png,Results/region_2/trial_9/m_76_trial_9.png
2,9,77,77,52.205489,6.06,True,m_77_trial_9.png,Results/region_2/trial_9/m_77_trial_9.png
2,9,78,78,47.215499,6.58,True,m_78_trial_9.png,Results/region_2/trial_9/m_78_trial_9.png
2,9,79,79,43.022836,7.12,True,m_79_trial_9.png,Results/region_2/trial_9/m_79_trial_9.png
2,9,80,80,36.7973,7.38,True,m_80_trial_9.png,Results/region_2/trial_9/m_80_trial_9.png
2,9,81,81,32.74721,7.76,True,m_81_trial_9.png,Results/region_2/trial_9/m_81_trial_9.png
2,9,82,82,29.335733,8.46,True,m_82_trial_9.png,Results/region_2/trial_9/m_82_trial_9.png
2,9,83,83,25.894274,8.76,True,m_83_trial_9.png,Results/region_2/trial_9/m_83_trial_9.png
2,9,84,84,24.491593,9.21,True,m_84_trial_9.png,Results/region_2/trial_9/m_84_trial_9.png
2,9,85,85,21.211402,9.71,True,m_85_trial_9.png,Results/region_2/trial_9/m_85_trial_9.png
2,9,86,86,18.955515,10.16,True,m_86_trial_9.png,Results/region_2/trial_9/m_86_trial_9.png
2,9,87,87,16.625018,10.8,True,m_87_trial_9.png,Results/region_2/trial_9/m_87_trial_9.png
2,9,88,88,14.45107,11.23,True,m_88_trial_9.png,Results/region_2/trial_9/m_88_trial_9.png
2,9,89,89,11.711026,11.36,True,m_89_trial_9.png,Results/region_2/trial_9/m_89_trial_9.png
2,9,90,90,10.51943,11.74,True,m_90_trial_9.png,Results/region_2/trial_9/m_90_trial_9.png
2,9,91,91,9.63545,12.24,True,m_91_trial_9.png,Results/region_2/trial_9/m_91_trial_9.png
2,9,92,92,7.597583,12.88,True,m_92_trial_9.png,Results/region_2/trial_9/m_92_trial_9.png
3,0,57,57,61.507694,5.2,True,m_57_trial_0.png,Results/region_3/trial_0/m_57_trial_0.png
3,0,58,58,55.546644,6.02,True,m_58_trial_0.png,Results/region_3/trial_0/m_58_trial_0.png
3,0,59,59,52.843862,6.21,True,m_59_trial_0.png,Results/region_3/trial_0/m_59_trial_0.png
3,0,60,60,50.128024,6.18,True,m_60_trial_0.png,Results/region_3/trial_0/m_60_trial_0.png
3,0,61,61,47.457697,6.51,True,m_61_trial_0.png,Results/region_3/trial_0/m_61_trial_0.png
3,0,62,62,43.25411,7.03,True,m_62_trial_0.png,Results/region_3/trial_0/m_62_trial_0.png
3,0,63,63,38.801543,7.44,True,m_63_trial_0.png,Results/region_3/trial_0/m_63_trial_0.png
3,0,64,64,34.317935,7.91,True,m_64_trial_0.png,Results/region_3/trial_0/m_64_trial_0.png
3,0,65,65,30.814439,8.24,True,m_65_trial_0.png,Results/region_3/trial_0/m_65_trial_0.png
3,0,66,66,27.951988,9.02,True,m_66_trial_0.png,Results/region_3/trial_0/m_66_trial_0.png
3,0,67,67,24.436626,9.39,True,m_67_trial_0.png,Results/region_3/trial_0/m_67_trial_0.png
3,0,68,68,21.226582,9.55,True,m_68_trial_0.png,Results/region_3/trial_0/m_68_trial_0.png
3,0,69,69,19.054517,9.96,True,m_69_trial_0.png,Results/region_3/trial_0/m_69_trial_0.png
3,0,70,70,16.817843,9.91,True,m_70_trial_0.png,Results/region_3/trial_0/m_70_trial_0.png
3,0,71,71,13.666414,10.41,True,m_71_trial_0.png,Results/region_3/trial_0/m_71_trial_0.png
3,0,72,72,11.578424,10.91,True,m_72_trial_0.png,Results/region_3/trial_0/m_72_trial_0.png
3,0,73,73,9.253127,11.23,True,m_73_trial_0.png,Results/region_3/trial_0/m_73_trial_0.png
3,0,74,74,7.307742,12.12,True,m_74_trial_0.png,Results/region_3/trial_0/m_74_trial_0.png
3,0,75,75,5.97156,12.45,True,m_75_trial_0.png,Results/region_3/trial_0/m_75_trial_0.png
3,1,57,57,61.453217,5.14,True,m_57_trial_1.png,Results/region_3/trial_1/m_57_trial_1.png
3,1,58,58,58.668066,5.44,True,m_58_trial_1.png,Results/region_3/trial_1/m_58_trial_1.png
3,1,59,59,52.914477,6.31,True,m_59_trial_1.png,Results/region_3/trial_1/m_59_trial_1.png
3,1,60,60,49.598653,6.96,True,m_60_trial_1.png,Results/region_3/trial_1/m_60_trial_1.png
3,1,61,61,44.701354,7.82,True,m_61_trial_1.png,Results/region_3/trial_1/m_61_trial_1.png
3,1,62,62,41.992635,7.73,True,m_62_trial_1.png,Results/region_3/trial_1/m_62_trial_1.png
3,1,63,63,37.645945,8.23,True,m_63_trial_1.png,Results/region_3/trial_1/m_63_trial_1.png
3,1,64,64,33.378943,8.73,True,m_64_trial_1.png,Results/region_3/trial_1/m_64_trial_1.png
3,1,65,65,29.629051,9.23,True,m_65_trial_1.png,Results/region_3/trial_1/m_65_trial_1.png
3,1,66,66,27.376051,9.19,True,m_66_trial_1.png,Results/region_3/trial_1/m_66_trial_1.png
3,1,67,67,23.802035,9.47,True,m_67_trial_1.png,Results/region_3/trial_1/m_67_trial_1.png
3,1,68,68,21.100717,9.41,True,m_68_trial_1.png,Results/region_3/trial_1/m_68_trial_1.png
3,1,69,69,18.126074,9.64,True,m_69_trial_1.png,Results/region_3/trial_1/m_69_trial_1.png
3,1,70,70,16.153686,10.14,True,m_70_trial_1.png,Results/region_3/trial_1/m_70_trial_1.png
3,1,71,71,13.420055,10.38,True,m_71_trial_1.png,Results/region_3/trial_1/m_71_trial_1.png
3,1,72,72,11.518434,11.0,True,m_72_trial_1.png,Results/region_3/trial_1/m_72_trial_1.png
3,1,73,73,10.198065,11.62,True,m_73_trial_1.png,Results/region_3/trial_1/m_73_trial_1.png
3,1,74,74,8.390148,12.15,True,m_74_trial_1.png,Results/region_3/trial_1/m_74_trial_1.png
3,1,75,75,6.088319,12.92,True,m_75_trial_1.png,Results/region_3/trial_1/m_75_trial_1.png
3,2,57,57,61.431817,5.17,True,m_57_trial_2.png,Results/region_3/trial_2/m_57_trial_2.png
3,2,58,58,55.533436,6.06,True,m_58_trial_2.png,Results/region_3/trial_2/m_58_trial_2.png
3,2,59,59,52.770203,6.15,True,m_59_trial_2.png,Results/region_3/trial_2/m_59_trial_2.png
3,2,60,60,50.288722,6.33,True,m_60_trial_2.png,Results/region_3/trial_2/m_60_trial_2.png
3,2,61,61,45.989687,7.13,True,m_61_trial_2.png,Results/region_3/trial_2/m_61_trial_2.png
3,2,62,62,43.33179,7.08,True,m_62_trial_2.png,Results/region_3/trial_2/m_62_trial_2.png
3,2,63,63,38.894769,7.53,True,m_63_trial_2.png,Results/region_3/trial_2/m_63_trial_2.png
3,2,64,64,34.38916,7.95,True,m_64_trial_2.png,Results/region_3/trial_2/m_64_trial_2.png
3,2,65,65,31.353857,8.6,True,m_65_trial_2.png,Results/region_3/trial_2/m_65_trial_2.png
3,2,66,66,27.623648,8.96,True,m_66_trial_2.png,Results/region_3/trial_2/m_66_trial_2.png
3,2,67,67,24.690237,9.65,True,m_67_trial_2.png,Results/region_3/trial_2/m_67_trial_2.png
3,2,68,68,20.780575,8.98,True,m_68_trial_2.png,Results/region_3/trial_2/m_68_trial_2.png
3,2,69,69,17.292017,9.19,True,m_69_trial_2.png,Results/region_3/trial_2/m_69_trial_2.png
3,2,70,70,15.26776,9.62,True,m_70_trial_2.png,Results/region_3/trial_2/m_70_trial_2.png
3,2,71,71,13.085093,10.11,True,m_71_trial_2.png,Results/region_3/trial_2/m_71_trial_2.png
3,2,72,72,11.690122,11.09,True,m_72_trial_2.png,Results/region_3/trial_2/m_72_trial_2.png
3,2,73,73,9.39044,11.71,True,m_73_trial_2.png,Results/region_3/trial_2/m_73_trial_2.png
3,2,74,74,6.637635,12.42,True,m_74_trial_2.png,Results/region_3/trial_2/m_74_trial_2.png
3,3,57,57,61.462852,5.18,True,m_57_trial_3.png,Results/region_3/trial_3/m_57_trial_3.png
3,3,58,58,55.673615,6.23,True,m_58_trial_3.png,Results/region_3/trial_3/m_58_trial_3.png
3,3,59,59,52.721196,6.76,True,m_59_trial_3.png,Results/region_3/trial_3/m_59_trial_3.png
3,3,60,60,49.899021,6.72,True,m_60_trial_3.png,Results/region_3/trial_3/m_60_trial_3.png
3,3,61,61,47.279702,6.81,True,m_61_trial_3.png,Results/region_3/trial_3/m_61_trial_3.png
3,3,62,62,43.108347,7.41,True,m_62_trial_3.png,Results/region_3/trial_3/m_62_trial_3.png
3,3,63,63,38.130757,7.85,True,m_63_trial_3.png,Results/region_3/trial_3/m_63_trial_3.png
3,3,64,64,34.001262,8.3,True,m_64_trial_3.png,Results/region_3/trial_3/m_64_trial_3.png
3,3,65,65,31.568581,8.66,True,m_65_trial_3.png,Results/region_3/trial_3/m_65_trial_3.png
3,3,66,66,26.612863,9.78,True,m_66_trial_3.png,Results/region_3/trial_3/m_66_trial_3.png
3,3,67,67,24.35228,9.72,True,m_67_trial_3.png,Results/region_3/trial_3/m_67_trial_3.png
3,3,68,68,21.47352,9.62,True,m_68_trial_3.png,Results/region_3/trial_3/m_68_trial_3.png
3,3,69,69,17.919499,9.85,True,m_69_trial_3.png,Results/region_3/trial_3/m_69_trial_3.png
3,3,70,70,16.024461,10.36,True,m_70_trial_3.png,Results/region_3/trial_3/m_70_trial_3.png
3,3,71,71,13.774954,10.89,True,m_71_trial_3.png,Results/region_3/trial_3/m_71_trial_3.png
3,3,72,72,11.700968,11.39,True,m_72_trial_3.png,Results/region_3/trial_3/m_72_trial_3.png
3,3,73,73,10.421461,11.88,True,m_73_trial_3.png,Results/region_3/trial_3/m_73_trial_3.png
3,3,74,74,8.670513,12.65,True,m_74_trial_3.png,Results/region_3/trial_3/m_74_trial_3.png
3,3,75,75,5.945371,13.34,True,m_75_trial_3.png,Results/region_3/trial_3/m_75_trial_3.png
3,4,57,57,61.417771,5.15,True,m_57_trial_4.png,Results/region_3/trial_4/m_57_trial_4.png
3,4,58,58,55.687934,5.9,True,m_58_trial_4.png,Results/region_3/trial_4/m_58_trial_4.png
3,4,59,59,52.861153,6.18,True,m_59_trial_4.png,Results/region_3/trial_4/m_59_trial_4.png
3,4,60,60,50.133536,6.33,True,m_60_trial_4.png,Results/region_3/trial_4/m_60_trial_4.png
3,4,61,61,47.512235,6.46,True,m_61_trial_4.png,Results/region_3/trial_4/m_61_trial_4.png
3,4,62,62,43.265726,7.07,True,m_62_trial_4.png,Results/region_3/trial_4/m_62_trial_4.png
3,4,63,63,37.947495,8.35,True,m_63_trial_4.png,Results/region_3/trial_4/m_63_trial_4.png
3,4,64,64,35.657495,8.17,True,m_64_trial_4.png,Results/region_3/trial_4/m_64_trial_4.png
3,4,65,65,31.04522,8.7,True,m_65_trial_4.png,Results/region_3/trial_4/m_65_trial_4.png
3,4,66,66,27.356599,9.01,True,m_66_trial_4.png,Results/region_3/trial_4/m_66_trial_4.png
3,4,67,67,24.726738,9.62,True,m_67_trial_4.png,Results/region_3/trial_4/m_67_trial_4.png
3,4,68,68,22.61772,9.92,True,m_68_trial_4.png,Results/region_3/trial_4/m_68_trial_4.png
3,4,69,69,19.613827,10.18,True,m_69_trial_4.png,Results/region_3/trial_4/m_69_trial_4.png
3,4,70,70,17.350739,10.86,True,m_70_trial_4.png,Results/region_3/trial_4/m_70_trial_4.png
3,4,71,71,14.015899,11.41,True,m_71_trial_4.png,Results/region_3/trial_4/m_71_trial_4.png
3,4,72,72,12.600593,12.05,True,m_72_trial_4.png,Results/region_3/trial_4/m_72_trial_4.png
3,4,73,73,10.648134,12.15,True,m_73_trial_4.png,Results/region_3/trial_4/m_73_trial_4.png
3,4,74,74,9.15895,12.41,True,m_74_trial_4.png,Results/region_3/trial_4/m_74_trial_4.png
3,4,75,75,7.077872,12.96,True,m_75_trial_4.png,Results/region_3/trial_4/m_75_trial_4.png
3,5,57,57,61.496648,5.16,True,m_57_trial_5.png,Results/region_3/trial_5/m_57_trial_5.png
3,5,58,58,55.605438,5.98,True,m_58_trial_5.png,Results/region_3/trial_5/m_58_trial_5.png
3,5,59,59,52.877162,6.29,True,m_59_trial_5.png,Results/region_3/trial_5/m_59_trial_5.png
3,5,60,60,49.136603,7.37,True,m_60_trial_5.png,Results/region_3/trial_5/m_60_trial_5.png
3,5,61,61,46.241651,7.12,True,m_61_trial_5.png,Results/region_3/trial_5/m_61_trial_5.png
3,5,62,62,43.847946,7.13,True,m_62_trial_5.png,Results/region_3/trial_5/m_62_trial_5.png
3,5,63,63,39.335766,7.74,True,m_63_trial_5.png,Results/region_3/trial_5/m_63_trial_5.png
3,5,64,64,35.074409,8.27,True,m_64_trial_5.png,Results/region_3/trial_5/m_64_trial_5.png
3,5,65,65,32.394315,8.1,True,m_65_trial_5.png,Results/region_3/trial_5/m_65_trial_5.png
3,5,66,66,28.042765,8.35,True,m_66_trial_5.png,Results/region_3/trial_5/m_66_trial_5.png
3,5,67,67,24.022311,8.72,True,m_67_trial_5.png,Results/region_3/trial_5/m_67_trial_5.png
3,5,68,68,20.518265,8.99,True,m_68_trial_5.png,Results/region_3/trial_5/m_68_trial_5.png
3,5,69,69,18.527982,9.45,True,m_69_trial_5.png,Results/region_3/trial_5/m_69_trial_5.png
3,5,70,70,15.778755,9.66,True,m_70_trial_5.png,Results/region_3/trial_5/m_70_trial_5.png
3,5,71,71,13.139159,10.11,True,m_71_trial_5.png,Results/region_3/trial_5/m_71_trial_5.png
3,5,72,72,11.509176,10.79,True,m_72_trial_5.png,Results/region_3/trial_5/m_72_trial_5.png
3,5,73,73,8.978325,11.19,True,m_73_trial_5.png,Results/region_3/trial_5/m_73_trial_5.png
3,5,74,74,7.273088,12.02,True,m_74_trial_5.png,Results/region_3/trial_5/m_74_trial_5.png
3,5,75,75,5.546581,12.69,True,m_75_trial_5.png,Results/region_3/trial_5/m_75_trial_5.png
3,6,57,57,61.438963,5.14,True,m_57_trial_6.png,Results/region_3/trial_6/m_57_trial_6.png
3,6,58,58,58.909062,5.54,True,m_58_trial_6.png,Results/region_3/trial_6/m_58_trial_6.png
3,6,59,59,52.967762,6.4,True,m_59_trial_6.png,Results/region_3/trial_6/m_59_trial_6.png
3,6,60,60,50.160903,6.34,True,m_60_trial_6.png,Results/region_3/trial_6/m_60_trial_6.png
3,6,61,61,44.863245,7.81,True,m_61_trial_6.png,Results/region_3/trial_6/m_61_trial_6.png
3,6,62,62,42.153329,7.76,True,m_62_trial_6.png,Results/region_3/trial_6/m_62_trial_6.png
3,6,63,63,37.278012,8.35,True,m_63_trial_6.png,Results/region_3/trial_6/m_63_trial_6.png
3,6,64,64,34.926083,8.35,True,m_64_trial_6.png,Results/region_3/trial_6/m_64_trial_6.png
3,6,65,65,31.639495,9.06,True,m_65_trial_6.png,Results/region_3/trial_6/m_65_trial_6.png
3,6,66,66,28.723069,8.99,True,m_66_trial_6.png,Results/region_3/trial_6/m_66_trial_6.png
3,6,67,67,24.714154,9.06,True,m_67_trial_6.png,Results/region_3/trial_6/m_67_trial_6.png
3,6,68,68,21.147312,9.27,True,m_68_trial_6.png,Results/region_3/trial_6/m_68_trial_6.png
3,6,69,69,19.221233,10.01,True,m_69_trial_6.png,Results/region_3/trial_6/m_69_trial_6.png
3,6,70,70,16.08163,9.97,True,m_70_trial_6.png,Results/region_3/trial_6/m_70_trial_6.png
3,6,71,71,14.00659,10.49,True,m_71_trial_6.png,Results/region_3/trial_6/m_71_trial_6.png
3,6,72,72,12.425756,11.36,True,m_72_trial_6.png,Results/region_3/trial_6/m_72_trial_6.png
3,6,73,73,10.841422,12.38,True,m_73_trial_6.png,Results/region_3/trial_6/m_73_trial_6.png
3,6,74,74,8.842024,12.68,True,m_74_trial_6.png,Results/region_3/trial_6/m_74_trial_6.png
3,6,75,75,7.022751,13.08,True,m_75_trial_6.png,Results/region_3/trial_6/m_75_trial_6.png
3,7,57,57,61.435389,5.16,True,m_57_trial_7.png,Results/region_3/trial_7/m_57_trial_7.png
3,7,58,58,58.727368,5.55,True,m_58_trial_7.png,Results/region_3/trial_7/m_58_trial_7.png
3,7,59,59,52.897573,6.26,True,m_59_trial_7.png,Results/region_3/trial_7/m_59_trial_7.png
3,7,60,60,50.08579,6.32,True,m_60_trial_7.png,Results/region_3/trial_7/m_60_trial_7.png
3,7,61,61,46.791975,7.34,True,m_61_trial_7.png,Results/region_3/trial_7/m_61_trial_7.png
3,7,62,62,44.081971,7.28,True,m_62_trial_7.png,Results/region_3/trial_7/m_62_trial_7.png
3,7,63,63,39.624269,8.18,True,m_63_trial_7.png,Results/region_3/trial_7/m_63_trial_7.png
3,7,64,64,34.88894,8.56,True,m_64_trial_7.png,Results/region_3/trial_7/m_64_trial_7.png
3,7,65,65,30.620319,9.28,True,m_65_trial_7.png,Results/region_3/trial_7/m_65_trial_7.png
3,7,66,66,27.89356,9.13,True,m_66_trial_7.png,Results/region_3/trial_7/m_66_trial_7.png
3,7,67,67,24.590213,9.75,True,m_67_trial_7.png,Results/region_3/trial_7/m_67_trial_7.png
3,7,68,68,20.758263,9.95,True,m_68_trial_7.png,Results/region_3/trial_7/m_68_trial_7.png
3,7,69,69,17.335878,10.47,True,m_69_trial_7.png,Results/region_3/trial_7/m_69_trial_7.png
3,7,70,70,14.548868,10.59,True,m_70_trial_7.png,Results/region_3/trial_7/m_70_trial_7.png
3,7,71,71,11.863931,10.72,True,m_71_trial_7.png,Results/region_3/trial_7/m_71_trial_7.png
3,7,72,72,10.318627,11.3,True,m_72_trial_7.png,Results/region_3/trial_7/m_72_trial_7.png
3,7,73,73,8.911427,11.47,True,m_73_trial_7.png,Results/region_3/trial_7/m_73_trial_7.png
3,7,74,74,7.598876,12.68,True,m_74_trial_7.png,Results/region_3/trial_7/m_74_trial_7.png
3,7,75,75,6.417344,13.16,True,m_75_trial_7.png,Results/region_3/trial_7/m_75_trial_7.png
3,8,57,57,61.445345,5.09,True,m_57_trial_8.png,Results/region_3/trial_8/m_57_trial_8.png
3,8,58,58,58.70454,5.45,True,m_58_trial_8.png,Results/region_3/trial_8/m_58_trial_8.png
3,8,59,59,51.453091,7.24,True,m_59_trial_8.png,Results/region_3/trial_8/m_59_trial_8.png
3,8,60,60,48.981882,7.17,True,m_60_trial_8.png,Results/region_3/trial_8/m_60_trial_8.png
3,8,61,61,46.097994,7.13,True,m_61_trial_8.png,Results/region_3/trial_8/m_61_trial_8.png
3,8,62,62,43.679314,7.11,True,m_62_trial_8.png,Results/region_3/trial_8/m_62_trial_8.png
3,8,63,63,39.280743,7.71,True,m_63_trial_8.png,Results/region_3/trial_8/m_63_trial_8.png
3,8,64,64,35.207157,8.1,True,m_64_trial_8.png,Results/region_3/trial_8/m_64_trial_8.png
3,8,65,65,31.382684,8.68,True,m_65_trial_8.png,Results/region_3/trial_8/m_65_trial_8.png
3,8,66,66,27.205547,9.2,True,m_66_trial_8.png,Results/region_3/trial_8/m_66_trial_8.png
3,8,67,67,24.617184,9.06,True,m_67_trial_8.png,Results/region_3/trial_8/m_67_trial_8.png
3,8,68,68,21.063438,9.33,True,m_68_trial_8.png,Results/region_3/trial_8/m_68_trial_8.png
3,8,69,69,18.339924,9.78,True,m_69_trial_8.png,Results/region_3/trial_8/m_69_trial_8.png
3,8,70,70,16.263726,10.79,True,m_70_trial_8.png,Results/region_3/trial_8/m_70_trial_8.png
3,8,71,71,14.007122,10.92,True,m_71_trial_8.png,Results/region_3/trial_8/m_71_trial_8.png
3,8,72,72,12.304393,11.22,True,m_72_trial_8.png,Results/region_3/trial_8/m_72_trial_8.png
3,8,73,73,9.962595,12.07,True,m_73_trial_8.png,Results/region_3/trial_8/m_73_trial_8.png
3,8,74,74,8.416986,12.94,True,m_74_trial_8.png,Results/region_3/trial_8/m_74_trial_8.png
3,8,75,75,7.077814,13.19,True,m_75_trial_8.png,Results/region_3/trial_8/m_75_trial_8.png
3,9,57,57,61.417197,5.22,True,m_57_trial_9.png,Results/region_3/trial_9/m_57_trial_9.png
3,9,58,58,55.543559,6.02,True,m_58_trial_9.png,Results/region_3/trial_9/m_58_trial_9.png
3,9,59,59,52.868016,6.13,True,m_59_trial_9.png,Results/region_3/trial_9/m_59_trial_9.png
3,9,60,60,50.252665,6.41,True,m_60_trial_9.png,Results/region_3/trial_9/m_60_trial_9.png
3,9,61,61,46.050032,6.97,True,m_61_trial_9.png,Results/region_3/trial_9/m_61_trial_9.png
3,9,62,62,41.636097,7.39,True,m_62_trial_9.png,Results/region_3/trial_9/m_62_trial_9.png
3,9,63,63,37.05446,7.9,True,m_63_trial_9.png,Results/region_3/trial_9/m_63_trial_9.png
3,9,64,64,34.430485,7.87,True,m_64_trial_9.png,Results/region_3/trial_9/m_64_trial_9.png
3,9,65,65,32.179121,8.09,True,m_65_trial_9.png,Results/region_3/trial_9/m_65_trial_9.png
3,9,66,66,28.671374,8.43,True,m_66_trial_9.png,Results/region_3/trial_9/m_66_trial_9.png
3,9,67,67,25.494651,8.66,True,m_67_trial_9.png,Results/region_3/trial_9/m_67_trial_9.png
3,9,68,68,20.694315,8.75,True,m_68_trial_9.png,Results/region_3/trial_9/m_68_trial_9.png
3,9,69,69,17.197823,9.14,True,m_69_trial_9.png,Results/region_3/trial_9/m_69_trial_9.png
3,9,70,70,15.063123,9.56,True,m_70_trial_9.png,Results/region_3/trial_9/m_70_trial_9.png
3,9,71,71,13.287888,10.33,True,m_71_trial_9.png,Results/region_3/trial_9/m_71_trial_9.png
3,9,72,72,11.737972,11.12,True,m_72_trial_9.png,Results/region_3/trial_9/m_72_trial_9.png
3,9,73,73,9.071576,11.49,True,m_73_trial_9.png,Results/region_3/trial_9/m_73_trial_9.png
3,9,74,74,7.172141,11.8,True,m_74_trial_9.png,Results/region_3/trial_9/m_74_trial_9.png
3,9,75,75,5.548876,12.67,True,m_75_trial_9.png,Results/region_3/trial_9/m_75_trial_9.png
4,0,33,33,33.075481,5.17,True,m_33_trial_0.png,Results/region_4/trial_0/m_33_trial_0.png
4,0,34,34,27.324601,5.89,True,m_34_trial_0.png,Results/region_4/trial_0/m_34_trial_0.png
4,0,35,35,23.649958,7.07,True,m_35_trial_0.png,Results/region_4/trial_0/m_35_trial_0.png
4,0,36,36,19.170762,7.48,True,m_36_trial_0.png,Results/region_4/trial_0/m_36_trial_0.png
4,0,37,37,15.663788,7.83,True,m_37_trial_0.png,Results/region_4/trial_0/m_37_trial_0.png
4,0,38,38,12.662367,9.2,True,m_38_trial_0.png,Results/region_4/trial_0/m_38_trial_0.png
4,0,39,39,9.911987,10.27,True,m_39_trial_0.png,Results/region_4/trial_0/m_39_trial_0.png
4,0,40,40,8.024589,11.18,True,m_40_trial_0.png,Results/region_4/trial_0/m_40_trial_0.png
4,0,41,41,5.865562,11.69,True,m_41_trial_0.png,Results/region_4/trial_0/m_41_trial_0.png
4,0,42,42,4.456869,12.72,True,m_42_trial_0.png,Results/region_4/trial_0/m_42_trial_0.png
4,0,43,43,3.73591,13.21,True,m_43_trial_0.png,Results/region_4/trial_0/m_43_trial_0.png
4,1,33,33,33.054834,5.24,True,m_33_trial_1.png,Results/region_4/trial_1/m_33_trial_1.png
4,1,34,34,27.322911,5.85,True,m_34_trial_1.png,Results/region_4/trial_1/m_34_trial_1.png
4,1,35,35,23.062153,6.76,True,m_35_trial_1.png,Results/region_4/trial_1/m_35_trial_1.png
4,1,36,36,19.568717,7.26,True,m_36_trial_1.png,Results/region_4/trial_1/m_36_trial_1.png
4,1,37,37,16.540996,8.18,True,m_37_trial_1.png,Results/region_4/trial_1/m_37_trial_1.png
4,1,38,38,12.672699,8.56,True,m_38_trial_1.png,Results/region_4/trial_1/m_38_trial_1.png
4,1,39,39,9.938364,9.81,True,m_39_trial_1.png,Results/region_4/trial_1/m_39_trial_1.png
4,1,40,40,8.446637,10.84,True,m_40_trial_1.png,Results/region_4/trial_1/m_40_trial_1.png
4,1,41,41,6.519043,12.08,True,m_41_trial_1.png,Results/region_4/trial_1/m_41_trial_1.png
4,1,42,42,5.17711,13.51,True,m_42_trial_1.png,Results/region_4/trial_1/m_42_trial_1.png
4,1,43,43,3.540214,13.85,True,m_43_trial_1.png,Results/region_4/trial_1/m_43_trial_1.png
4,2,33,33,33.072511,5.17,True,m_33_trial_2.png,Results/region_4/trial_2/m_33_trial_2.png
4,2,34,34,27.319746,5.79,True,m_34_trial_2.png,Results/region_4/trial_2/m_34_trial_2.png
4,2,35,35,23.64049,7.05,True,m_35_trial_2.png,Results/region_4/trial_2/m_35_trial_2.png
4,2,36,36,19.550232,7.31,True,m_36_trial_2.png,Results/region_4/trial_2/m_36_trial_2.png
4,2,37,37,16.56226,8.15,True,m_37_trial_2.png,Results/region_4/trial_2/m_37_trial_2.png
4,2,38,38,12.668979,8.47,True,m_38_trial_2.png,Results/region_4/trial_2/m_38_trial_2.png
4,2,39,39,9.892748,10.16,True,m_39_trial_2.png,Results/region_4/trial_2/m_39_trial_2.png
4,2,40,40,8.381148,10.74,True,m_40_trial_2.png,Results/region_4/trial_2/m_40_trial_2.png
4,2,41,41,6.437551,13.23,True,m_41_trial_2.png,Results/region_4/trial_2/m_41_trial_2.png
4,2,42,42,5.128997,13.66,True,m_42_trial_2.png,Results/region_4/trial_2/m_42_trial_2.png
4,2,43,43,3.771144,14.09,True,m_43_trial_2.png,Results/region_4/trial_2/m_43_trial_2.png
4,3,33,33,33.09033,5.16,True,m_33_trial_3.png,Results/region_4/trial_3/m_33_trial_3.png
4,3,34,34,27.338271,5.9,True,m_34_trial_3.png,Results/region_4/trial_3/m_34_trial_3.png
4,3,35,35,23.633364,7.05,True,m_35_trial_3.png,Results/region_4/trial_3/m_35_trial_3.png
4,3,36,36,19.201947,7.6,True,m_36_trial_3.png,Results/region_4/trial_3/m_36_trial_3.png
4,3,37,37,15.649499,7.74,True,m_37_trial_3.png,Results/region_4/trial_3/m_37_trial_3.png
4,3,38,38,12.666713,9.11,True,m_38_trial_3.png,Results/region_4/trial_3/m_38_trial_3.png
4,3,39,39,9.928052,10.28,True,m_39_trial_3.png,Results/region_4/trial_3/m_39_trial_3.png
4,3,40,40,7.690546,11.81,True,m_40_trial_3.png,Results/region_4/trial_3/m_40_trial_3.png
4,3,41,41,6.252781,12.38,True,m_41_trial_3.png,Results/region_4/trial_3/m_41_trial_3.png
4,3,42,42,5.127485,13.84,True,m_42_trial_3.png,Results/region_4/trial_3/m_42_trial_3.png
4,3,43,43,3.483417,13.98,True,m_43_trial_3.png,Results/region_4/trial_3/m_43_trial_3.png
4,4,33,33,33.082685,5.17,True,m_33_trial_4.png,Results/region_4/trial_4/m_33_trial_4.png
4,4,34,34,27.331536,5.92,True,m_34_trial_4.png,Results/region_4/trial_4/m_34_trial_4.png
4,4,35,35,23.628496,7.12,True,m_35_trial_4.png,Results/region_4/trial_4/m_35_trial_4.png
4,4,36,36,19.56326,7.21,True,m_36_trial_4.png,Results/region_4/trial_4/m_36_trial_4.png
4,4,37,37,16.470264,8.54,True,m_37_trial_4.png,Results/region_4/trial_4/m_37_trial_4.png
4,4,38,38,12.544762,8.82,True,m_38_trial_4.png,Results/region_4/trial_4/m_38_trial_4.png
4,4,39,39,9.901095,10.04,True,m_39_trial_4.png,Results/region_4/trial_4/m_39_trial_4.png
4,4,40,40,8.334634,10.72,True,m_40_trial_4.png,Results/region_4/trial_4/m_40_trial_4.png
4,4,41,41,7.066481,12.23,True,m_41_trial_4.png,Results/region_4/trial_4/m_41_trial_4.png
4,4,42,42,5.821143,12.56,True,m_42_trial_4.png,Results/region_4/trial_4/m_42_trial_4.png
4,4,43,43,4.289544,13.43,True,m_43_trial_4.png,Results/region_4/trial_4/m_43_trial_4.png
4,4,44,44,2.632623,12.93,True,m_44_trial_4.png,Results/region_4/trial_4/m_44_trial_4.png
4,5,33,33,33.058956,5.1,True,m_33_trial_5.png,Results/region_4/trial_5/m_33_trial_5.png
4,5,34,34,27.324711,5.91,True,m_34_trial_5.png,Results/region_4/trial_5/m_34_trial_5.png
4,5,35,35,23.634493,7.19,True,m_35_trial_5.png,Results/region_4/trial_5/m_35_trial_5.png
4,5,36,36,19.222434,7.49,True,m_36_trial_5.png,Results/region_4/trial_5/m_36_trial_5.png
4,5,37,37,15.659864,7.83,True,m_37_trial_5.png,Results/region_4/trial_5/m_37_trial_5.png
4,5,38,38,12.690209,9.21,True,m_38_trial_5.png,Results/region_4/trial_5/m_38_trial_5.png
4,5,39,39,9.954172,10.34,True,m_39_trial_5.png,Results/region_4/trial_5/m_39_trial_5.png
4,5,40,40,8.33667,10.68,True,m_40_trial_5.png,Results/region_4/trial_5/m_40_trial_5.png
4,5,41,41,6.849144,11.43,True,m_41_trial_5.png,Results/region_4/trial_5/m_41_trial_5.png
4,5,42,42,5.536937,12.83,True,m_42_trial_5.png,Results/region_4/trial_5/m_42_trial_5.png
4,5,43,43,3.981774,13.03,True,m_43_trial_5.png,Results/region_4/trial_5/m_43_trial_5.png
4,6,33,33,33.071574,5.13,True,m_33_trial_6.png,Results/region_4/trial_6/m_33_trial_6.png
4,6,34,34,27.325392,5.78,True,m_34_trial_6.png,Results/region_4/trial_6/m_34_trial_6.png
4,6,35,35,23.628641,7.17,True,m_35_trial_6.png,Results/region_4/trial_6/m_35_trial_6.png
4,6,36,36,19.20973,7.53,True,m_36_trial_6.png,Results/region_4/trial_6/m_36_trial_6.png
4,6,37,37,15.669302,7.77,True,m_37_trial_6.png,Results/region_4/trial_6/m_37_trial_6.png
4,6,38,38,12.715841,8.84,True,m_38_trial_6.png,Results/region_4/trial_6/m_38_trial_6.png
4,6,39,39,9.949679,10.0,True,m_39_trial_6.png,Results/region_4/trial_6/m_39_trial_6.png
4,6,40,40,7.689366,11.46,True,m_40_trial_6.png,Results/region_4/trial_6/m_40_trial_6.png
4,6,41,41,5.58757,12.14,True,m_41_trial_6.png,Results/region_4/trial_6/m_41_trial_6.png
4,6,42,42,4.503481,13.2,True,m_42_trial_6.png,Results/region_4/trial_6/m_42_trial_6.png
4,6,43,43,3.38243,13.83,True,m_43_trial_6.png,Results/region_4/trial_6/m_43_trial_6.png
4,7,33,33,33.067399,5.14,True,m_33_trial_7.png,Results/region_4/trial_7/m_33_trial_7.png
4,7,34,34,27.3274,5.88,True,m_34_trial_7.png,Results/region_4/trial_7/m_34_trial_7.png
4,7,35,35,23.629328,7.14,True,m_35_trial_7.png,Results/region_4/trial_7/m_35_trial_7.png
4,7,36,36,20.065422,8.1,True,m_36_trial_7.png,Results/region_4/trial_7/m_36_trial_7.png
4,7,37,37,15.670431,7.89,True,m_37_trial_7.png,Results/region_4/trial_7/m_37_trial_7.png
4,7,38,38,12.717896,8.77,True,m_38_trial_7.png,Results/region_4/trial_7/m_38_trial_7.png
4,7,39,39,9.939989,9.95,True,m_39_trial_7.png,Results/region_4/trial_7/m_39_trial_7.png
4,7,40,40,7.665461,11.41,True,m_40_trial_7.png,Results/region_4/trial_7/m_40_trial_7.png
4,7,41,41,5.963789,12.34,True,m_41_trial_7.png,Results/region_4/trial_7/m_41_trial_7.png
4,7,42,42,4.275424,12.98,True,m_42_trial_7.png,Results/region_4/trial_7/m_42_trial_7.png
4,7,43,43,3.02667,12.71,True,m_43_trial_7.png,Results/region_4/trial_7/m_43_trial_7.png
4,8,33,33,33.053872,5.18,True,m_33_trial_8.png,Results/region_4/trial_8/m_33_trial_8.png
4,8,34,34,27.337977,5.93,True,m_34_trial_8.png,Results/region_4/trial_8/m_34_trial_8.png
4,8,35,35,23.643795,7.05,True,m_35_trial_8.png,Results/region_4/trial_8/m_35_trial_8.png
4,8,36,36,19.178313,7.45,True,m_36_trial_8.png,Results/region_4/trial_8/m_36_trial_8.png
4,8,37,37,15.662374,7.74,True,m_37_trial_8.png,Results/region_4/trial_8/m_37_trial_8.png
4,8,38,38,12.686104,8.77,True,m_38_trial_8.png,Results/region_4/trial_8/m_38_trial_8.png
4,8,39,39,9.951807,9.95,True,m_39_trial_8.png,Results/region_4/trial_8/m_39_trial_8.png
4,8,40,40,8.351293,10.4,True,m_40_trial_8.png,Results/region_4/trial_8/m_40_trial_8.png
4,8,41,41,6.71555,11.95,True,m_41_trial_8.png,Results/region_4/trial_8/m_41_trial_8.png
4,8,42,42,5.226409,12.56,True,m_42_trial_8.png,Results/region_4/trial_8/m_42_trial_8.png
4,8,43,43,3.232209,14.83,True,m_43_trial_8.png,Results/region_4/trial_8/m_43_trial_8.png
4,9,33,33,33.045458,5.18,True,m_33_trial_9.png,Results/region_4/trial_9/m_33_trial_9.png
4,9,34,34,27.318508,5.86,True,m_34_trial_9.png,Results/region_4/trial_9/m_34_trial_9.png
4,9,35,35,23.644769,7.06,True,m_35_trial_9.png,Results/region_4/trial_9/m_35_trial_9.png
4,9,36,36,19.205879,7.61,True,m_36_trial_9.png,Results/region_4/trial_9/m_36_trial_9.png
4,9,37,37,15.662714,7.81,True,m_37_trial_9.png,Results/region_4/trial_9/m_37_trial_9.png
4,9,38,38,12.691803,9.23,True,m_38_trial_9.png,Results/region_4/trial_9/m_38_trial_9.png
4,9,39,39,9.971095,10.43,True,m_39_trial_9.png,Results/region_4/trial_9/m_39_trial_9.png
4,9,40,40,7.692459,11.75,True,m_40_trial_9.png,Results/region_4/trial_9/m_40_trial_9.png
4,9,41,41,6.262214,12.44,True,m_41_trial_9.png,Results/region_4/trial_9/m_41_trial_9.png
4,9,42,42,5.17885,13.47,True,m_42_trial_9.png,Results/region_4/trial_9/m_42_trial_9.png
4,9,43,43,3.850668,14.65,True,m_43_trial_9.png,Results/region_4/trial_9/m_43_trial_9.png
5,0,48,48,57.912837,4.51,True,m_48_trial_0.png,Results/region_5/trial_0/m_48_trial_0.png
5,0,49,49,52.083822,4.94,True,m_49_trial_0.png,Results/region_5/trial_0/m_49_trial_0.png
5,0,50,50,44.784821,5.36,True,m_50_trial_0.png,Results/region_5/trial_0/m_50_trial_0.png
5,0,51,51,37.569958,5.46,True,m_51_trial_0.png,Results/region_5/trial_0/m_51_trial_0.png
5,0,52,52,33.529059,6.5,True,m_52_trial_0.png,Results/region_5/trial_0/m_52_trial_0.png
5,0,53,53,29.185571,7.26,True,m_53_trial_0.png,Results/region_5/trial_0/m_53_trial_0.png
5,0,54,54,25.778133,8.27,True,m_54_trial_0.png,Results/region_5/trial_0/m_54_trial_0.png
5,0,55,55,22.317345,8.86,True,m_55_trial_0.png,Results/region_5/trial_0/m_55_trial_0.png
5,0,56,56,18.108445,9.28,True,m_56_trial_0.png,Results/region_5/trial_0/m_56_trial_0.png
5,0,57,57,16.142846,10.23,True,m_57_trial_0.png,Results/region_5/trial_0/m_57_trial_0.png
5,0,58,58,12.48568,10.89,True,m_58_trial_0.png,Results/region_5/trial_0/m_58_trial_0.png
5,0,59,59,10.062479,11.46,True,m_59_trial_0.png,Results/region_5/trial_0/m_59_trial_0.png
5,0,60,60,8.198085,12.25,True,m_60_trial_0.png,Results/region_5/trial_0/m_60_trial_0.png
5,0,61,61,6.395938,13.05,True,m_61_trial_0.png,Results/region_5/trial_0/m_61_trial_0.png
5,0,62,62,5.160337,13.65,True,m_62_trial_0.png,Results/region_5/trial_0/m_62_trial_0.png
5,1,48,48,57.911035,4.41,True,m_48_trial_1.png,Results/region_5/trial_1/m_48_trial_1.png
5,1,49,49,52.185215,4.94,True,m_49_trial_1.png,Results/region_5/trial_1/m_49_trial_1.png
5,1,50,50,44.749573,5.2,True,m_50_trial_1.png,Results/region_5/trial_1/m_50_trial_1.png
5,1,51,51,37.539239,5.57,True,m_51_trial_1.png,Results/region_5/trial_1/m_51_trial_1.png
5,1,52,52,33.165337,6.26,True,m_52_trial_1.png,Results/region_5/trial_1/m_52_trial_1.png
5,1,53,53,29.696589,7.17,True,m_53_trial_1.png,Results/region_5/trial_1/m_53_trial_1.png
5,1,54,54,25.846827,8.19,True,m_54_trial_1.png,Results/region_5/trial_1/m_54_trial_1.png
5,1,55,55,22.893733,8.98,True,m_55_trial_1.png,Results/region_5/trial_1/m_55_trial_1.png
5,1,56,56,18.442357,9.26,True,m_56_trial_1.png,Results/region_5/trial_1/m_56_trial_1.png
5,1,57,57,16.419731,10.42,True,m_57_trial_1.png,Results/region_5/trial_1/m_57_trial_1.png
5,1,58,58,13.176611,10.99,True,m_58_trial_1.png,Results/region_5/trial_1/m_58_trial_1.png
5,1,59,59,10.646547,11.74,True,m_59_trial_1.png,Results/region_5/trial_1/m_59_trial_1.png
5,1,60,60,7.553148,12.05,True,m_60_trial_1.png,Results/region_5/trial_1/m_60_trial_1.png
5,1,61,61,5.916249,12.95,True,m_61_trial_1.png,Results/region_5/trial_1/m_61_trial_1.png
5,2,48,48,58.010036,4.51,True,m_48_trial_2.png,Results/region_5/trial_2/m_48_trial_2.png
5,2,49,49,52.239431,4.94,True,m_49_trial_2.png,Results/region_5/trial_2/m_49_trial_2.png
5,2,50,50,45.061773,5.14,True,m_50_trial_2.png,Results/region_5/trial_2/m_50_trial_2.png
5,2,51,51,37.518209,5.37,True,m_51_trial_2.png,Results/region_5/trial_2/m_51_trial_2.png
5,2,52,52,33.467741,6.37,True,m_52_trial_2.png,Results/region_5/trial_2/m_52_trial_2.png
5,2,53,53,29.22109,7.17,True,m_53_trial_2.png,Results/region_5/trial_2/m_53_trial_2.png
5,2,54,54,24.4891,7.68,True,m_54_trial_2.png,Results/region_5/trial_2/m_54_trial_2.png
5,2,55,55,21.089666,8.56,True,m_55_trial_2.png,Results/region_5/trial_2/m_55_trial_2.png
5,2,56,56,18.359881,9.33,True,m_56_trial_2.png,Results/region_5/trial_2/m_56_trial_2.png
5,2,57,57,15.08467,9.93,True,m_57_trial_2.png,Results/region_5/trial_2/m_57_trial_2.png
5,2,58,58,12.682265,10.82,True,m_58_trial_2.png,Results/region_5/trial_2/m_58_trial_2.png
5,2,59,59,10.073191,11.48,True,m_59_trial_2.png,Results/region_5/trial_2/m_59_trial_2.png
5,2,60,60,8.426805,12.48,True,m_60_trial_2.png,Results/region_5/trial_2/m_60_trial_2.png
5,2,61,61,6.692016,13.52,True,m_61_trial_2.png,Results/region_5/trial_2/m_61_trial_2.png
5,2,62,62,4.815013,13.7,True,m_62_trial_2.png,Results/region_5/trial_2/m_62_trial_2.png
5,3,48,48,58.06994,4.43,True,m_48_trial_3.png,Results/region_5/trial_3/m_48_trial_3.png
5,3,49,49,52.203122,4.94,True,m_49_trial_3.png,Results/region_5/trial_3/m_49_trial_3.png
5,3,50,50,44.766331,5.4,True,m_50_trial_3.png,Results/region_5/trial_3/m_50_trial_3.png
5,3,51,51,37.535207,5.54,True,m_51_trial_3.png,Results/region_5/trial_3/m_51_trial_3.png
5,3,52,52,33.140288,6.24,True,m_52_trial_3.png,Results/region_5/trial_3/m_52_trial_3.png
5,3,53,53,29.791058,7.1,True,m_53_trial_3.png,Results/region_5/trial_3/m_53_trial_3.png
5,3,54,54,26.968344,7.87,True,m_54_trial_3.png,Results/region_5/trial_3/m_54_trial_3.png
5,3,55,55,21.860763,8.38,True,m_55_trial_3.png,Results/region_5/trial_3/m_55_trial_3.png
5,3,56,56,18.314578,9.32,True,m_56_trial_3.png,Results/region_5/trial_3/m_56_trial_3.png
5,3,57,57,15.072843,9.92,True,m_57_trial_3.png,Results/region_5/trial_3/m_57_trial_3.png
5,3,58,58,12.649359,10.78,True,m_58_trial_3.png,Results/region_5/trial_3/m_58_trial_3.png
5,3,59,59,10.07684,11.46,True,m_59_trial_3.png,Results/region_5/trial_3/m_59_trial_3.png
5,3,60,60,8.424112,12.53,True,m_60_trial_3.png,Results/region_5/trial_3/m_60_trial_3.png
5,3,61,61,6.872682,13.1,True,m_61_trial_3.png,Results/region_5/trial_3/m_61_trial_3.png
5,3,62,62,5.61258,14.0,True,m_62_trial_3.png,Results/region_5/trial_3/m_62_trial_3.png
5,4,48,48,58.444355,4.62,True,m_48_trial_4.png,Results/region_5/trial_4/m_48_trial_4.png
5,4,49,49,50.520855,4.86,True,m_49_trial_4.png,Results/region_5/trial_4/m_49_trial_4.png
5,4,50,50,44.846188,5.2,True,m_50_trial_4.png,Results/region_5/trial_4/m_50_trial_4.png
5,4,51,51,38.525327,5.79,True,m_51_trial_4.png,Results/region_5/trial_4/m_51_trial_4.png
5,4,52,52,34.485412,6.71,True,m_52_trial_4.png,Results/region_5/trial_4/m_52_trial_4.png
5,4,53,53,28.859827,7.06,True,m_53_trial_4.png,Results/region_5/trial_4/m_53_trial_4.png
5,4,54,54,25.227896,8.06,True,m_54_trial_4.png,Results/region_5/trial_4/m_54_trial_4.png
5,4,55,55,22.465569,8.76,True,m_55_trial_4.png,Results/region_5/trial_4/m_55_trial_4.png
5,4,56,56,19.166824,9.4,True,m_56_trial_4.png,Results/region_5/trial_4/m_56_trial_4.png
5,4,57,57,16.040975,9.62,True,m_57_trial_4.png,Results/region_5/trial_4/m_57_trial_4.png
5,4,58,58,13.142023,10.48,True,m_58_trial_4.png,Results/region_5/trial_4/m_58_trial_4.png
5,4,59,59,10.939445,11.29,True,m_59_trial_4.png,Results/region_5/trial_4/m_59_trial_4.png
5,4,60,60,9.483804,12.42,True,m_60_trial_4.png,Results/region_5/trial_4/m_60_trial_4.png
5,4,61,61,6.420065,12.74,True,m_61_trial_4.png,Results/region_5/trial_4/m_61_trial_4.png
5,4,62,62,4.798755,13.4,True,m_62_trial_4.png,Results/region_5/trial_4/m_62_trial_4.png
5,5,48,48,59.484229,4.53,True,m_48_trial_5.png,Results/region_5/trial_5/m_48_trial_5.png
5,5,49,49,50.510148,4.92,True,m_49_trial_5.png,Results/region_5/trial_5/m_49_trial_5.png
5,5,50,50,44.950207,5.32,True,m_50_trial_5.png,Results/region_5/trial_5/m_50_trial_5.png
5,5,51,51,38.554726,5.73,True,m_51_trial_5.png,Results/region_5/trial_5/m_51_trial_5.png
5,5,52,52,32.822127,6.21,True,m_52_trial_5.png,Results/region_5/trial_5/m_52_trial_5.png
5,5,53,53,29.151427,7.13,True,m_53_trial_5.png,Results/region_5/trial_5/m_53_trial_5.png
5,5,54,54,25.359768,7.99,True,m_54_trial_5.png,Results/region_5/trial_5/m_54_trial_5.png
5,5,55,55,22.324276,8.59,True,m_55_trial_5.png,Results/region_5/trial_5/m_55_trial_5.png
5,5,56,56,18.536117,9.1,True,m_56_trial_5.png,Results/region_5/trial_5/m_56_trial_5.png
5,5,57,57,14.915554,9.3,True,m_57_trial_5.png,Results/region_5/trial_5/m_57_trial_5.png
5,5,58,58,11.293833,10.15,True,m_58_trial_5.png,Results/region_5/trial_5/m_58_trial_5.png
5,5,59,59,8.952678,11.04,True,m_59_trial_5.png,Results/region_5/trial_5/m_59_trial_5.png
5,5,60,60,7.335621,12.04,True,m_60_trial_5.png,Results/region_5/trial_5/m_60_trial_5.png
5,5,61,61,6.108837,12.87,True,m_61_trial_5.png,Results/region_5/trial_5/m_61_trial_5.png
5,5,62,62,4.830184,13.68,True,m_62_trial_5.png,Results/region_5/trial_5/m_62_trial_5.png
5,6,48,48,57.886835,4.53,True,m_48_trial_6.png,Results/region_5/trial_6/m_48_trial_6.png
5,6,49,49,52.263865,4.98,True,m_49_trial_6.png,Results/region_5/trial_6/m_49_trial_6.png
5,6,50,50,48.834978,5.42,True,m_50_trial_6.png,Results/region_5/trial_6/m_50_trial_6.png
5,6,51,51,41.632014,5.95,True,m_51_trial_6.png,Results/region_5/trial_6/m_51_trial_6.png
5,6,52,52,34.450536,6.18,True,m_52_trial_6.png,Results/region_5/trial_6/m_52_trial_6.png
5,6,53,53,30.14585,6.92,True,m_53_trial_6.png,Results/region_5/trial_6/m_53_trial_6.png
5,6,54,54,26.874823,8.17,True,m_54_trial_6.png,Results/region_5/trial_6/m_54_trial_6.png
5,6,55,55,23.032554,8.96,True,m_55_trial_6.png,Results/region_5/trial_6/m_55_trial_6.png
5,6,56,56,19.540678,9.57,True,m_56_trial_6.png,Results/region_5/trial_6/m_56_trial_6.png
5,6,57,57,16.599574,10.27,True,m_57_trial_6.png,Results/region_5/trial_6/m_57_trial_6.png
5,6,58,58,14.246584,10.74,True,m_58_trial_6.png,Results/region_5/trial_6/m_58_trial_6.png
5,6,59,59,11.438035,11.98,True,m_59_trial_6.png,Results/region_5/trial_6/m_59_trial_6.png
5,6,60,60,8.58097,12.26,True,m_60_trial_6.png,Results/region_5/trial_6/m_60_trial_6.png
5,6,61,61,5.947679,12.65,True,m_61_trial_6.png,Results/region_5/trial_6/m_61_trial_6.png
5,7,48,48,57.844136,4.51,True,m_48_trial_7.png,Results/region_5/trial_7/m_48_trial_7.png
5,7,49,49,52.213979,4.93,True,m_49_trial_7.png,Results/region_5/trial_7/m_49_trial_7.png
5,7,50,50,45.079335,5.2,True,m_50_trial_7.png,Results/region_5/trial_7/m_50_trial_7.png
5,7,51,51,37.507573,5.39,True,m_51_trial_7.png,Results/region_5/trial_7/m_51_trial_7.png
5,7,52,52,33.472942,6.38,True,m_52_trial_7.png,Results/region_5/trial_7/m_52_trial_7.png
5,7,53,53,29.165771,7.22,True,m_53_trial_7.png,Results/region_5/trial_7/m_53_trial_7.png
5,7,54,54,25.826157,8.04,True,m_54_trial_7.png,Results/region_5/trial_7/m_54_trial_7.png
5,7,55,55,22.999739,8.77,True,m_55_trial_7.png,Results/region_5/trial_7/m_55_trial_7.png
5,7,56,56,19.399647,9.38,True,m_56_trial_7.png,Results/region_5/trial_7/m_56_trial_7.png
5,7,57,57,16.494153,10.26,True,m_57_trial_7.png,Results/region_5/trial_7/m_57_trial_7.png
5,7,58,58,13.559686,10.97,True,m_58_trial_7.png,Results/region_5/trial_7/m_58_trial_7.png
5,7,59,59,10.538088,11.56,True,m_59_trial_7.png,Results/region_5/trial_7/m_59_trial_7.png
5,7,60,60,7.24472,12.08,True,m_60_trial_7.png,Results/region_5/trial_7/m_60_trial_7.png
5,7,61,61,5.981909,12.87,True,m_61_trial_7.png,Results/region_5/trial_7/m_61_trial_7.png
5,8,48,48,59.737291,4.63,True,m_48_trial_8.png,Results/region_5/trial_8/m_48_trial_8.png
5,8,49,49,53.433331,4.75,True,m_49_trial_8.png,Results/region_5/trial_8/m_49_trial_8.png
5,8,50,50,44.895118,5.31,True,m_50_trial_8.png,Results/region_5/trial_8/m_50_trial_8.png
5,8,51,51,38.481724,5.8,True,m_51_trial_8.png,Results/region_5/trial_8/m_51_trial_8.png
5,8,52,52,32.877947,6.21,True,m_52_trial_8.png,Results/region_5/trial_8/m_52_trial_8.png
5,8,53,53,29.247198,7.12,True,m_53_trial_8.png,Results/region_5/trial_8/m_53_trial_8.png
5,8,54,54,25.496913,7.76,True,m_54_trial_8.png,Results/region_5/trial_8/m_54_trial_8.png
5,8,55,55,21.109128,8.54,True,m_55_trial_8.png,Results/region_5/trial_8/m_55_trial_8.png
5,8,56,56,17.738682,9.18,True,m_56_trial_8.png,Results/region_5/trial_8/m_56_trial_8.png
5,8,57,57,15.112505,9.92,True,m_57_trial_8.png,Results/region_5/trial_8/m_57_trial_8.png
5,8,58,58,13.274258,10.61,True,m_58_trial_8.png,Results/region_5/trial_8/m_58_trial_8.png
5,8,59,59,10.382988,11.43,True,m_59_trial_8.png,Results/region_5/trial_8/m_59_trial_8.png
5,8,60,60,7.266746,12.08,True,m_60_trial_8.png,Results/region_5/trial_8/m_60_trial_8.png
5,8,61,61,5.676565,12.98,True,m_61_trial_8.png,Results/region_5/trial_8/m_61_trial_8.png
5,9,48,48,57.943566,4.57,True,m_48_trial_9.png,Results/region_5/trial_9/m_48_trial_9.png
5,9,49,49,52.225824,4.96,True,m_49_trial_9.png,Results/region_5/trial_9/m_49_trial_9.png
5,9,50,50,45.181922,5.06,True,m_50_trial_9.png,Results/region_5/trial_9/m_50_trial_9.png
5,9,51,51,37.636174,5.37,True,m_51_trial_9.png,Results/region_5/trial_9/m_51_trial_9.png
5,9,52,52,33.136957,6.22,True,m_52_trial_9.png,Results/region_5/trial_9/m_52_trial_9.png
5,9,53,53,29.61906,7.28,True,m_53_trial_9.png,Results/region_5/trial_9/m_53_trial_9.png
5,9,54,54,26.989604,8.08,True,m_54_trial_9.png,Results/region_5/trial_9/m_54_trial_9.png
5,9,55,55,22.99265,8.66,True,m_55_trial_9.png,Results/region_5/trial_9/m_55_trial_9.png
5,9,56,56,19.337301,9.26,True,m_56_trial_9.png,Results/region_5/trial_9/m_56_trial_9.png
5,9,57,57,16.167227,9.95,True,m_57_trial_9.png,Results/region_5/trial_9/m_57_trial_9.png
5,9,58,58,13.461289,10.17,True,m_58_trial_9.png,Results/region_5/trial_9/m_58_trial_9.png
5,9,59,59,11.074769,11.22,True,m_59_trial_9.png,Results/region_5/trial_9/m_59_trial_9.png
5,9,60,60,9.333801,11.66,True,m_60_trial_9.png,Results/region_5/trial_9/m_60_trial_9.png
5,9,61,61,6.318722,12.36,True,m_61_trial_9.png,Results/region_5/trial_9/m_61_trial_9.png
5,9,62,62,5.23214,12.95,True,m_62_trial_9.png,Results/region_5/trial_9/m_62_trial_9.png
